사망수,부상자수,재산피해금액,출동소요시간,화재진압시간,시군구명,읍면동명,경도,위도,계절,시간대,화재발생일시
0,0,50,421,11702,구로구,구로동,126.8758612,37.5042352,겨울,밤,2021-01-01 0:00:00
0,0,100,447,0,동대문구,이문동,127.0622822,37.6019984,겨울,낮,2021-01-01 13:16:00
0,2,661,514,2249,서초구,우면동,127.0274396,37.4641175,겨울,낮,2021-01-01 13:43:00
0,0,498,427,1256,성북구,장위동,127.0415366,37.6138022,겨울,낮,2021-01-01 16:17:00
0,0,29,427,312,강서구,가양동,126.8514494,37.5689162,겨울,낮,2021-01-02 16:04:00
0,0,6304,500,2700,은평구,불광동,126.9259428,37.6271533,겨울,낮,2021-01-03 8:32:00
0,0,23,431,0,관악구,신림동,126.9288823,37.4838299,겨울,낮,2021-01-03 17:31:00
0,0,3965,436,2440,노원구,공릉동,127.0854336,37.6255265,겨울,낮,2021-01-03 18:15:00
0,0,50,423,414,송파구,송파동,127.1108579,37.5093046,겨울,밤,2021-01-04 0:09:00
0,0,173,436,329,서대문구,홍제동,126.9415212,37.5905356,겨울,밤,2021-01-04 4:18:00
0,0,4,521,2027,강남구,대치동,127.0546219,37.5002033,겨울,낮,2021-01-04 7:42:00
0,0,438,431,631,중랑구,상봉동,127.0933899,37.6039653,겨울,낮,2021-01-04 9:15:00
0,0,11,500,0,성동구,홍익동,127.0352215,37.5655242,겨울,밤,2021-01-04 21:13:00
0,0,1877,442,706,강남구,신사동,127.0214621,37.5226738,겨울,밤,2021-01-05 4:57:00
0,0,6028,500,0,구로구,개봉동,126.8550193,37.489814,겨울,낮,2021-01-05 11:23:00
0,0,48,420,900,송파구,잠실동,127.0817447,37.5085557,겨울,낮,2021-01-05 13:19:00
0,0,60,455,3355,금천구,독산동,126.9041166,37.4730972,겨울,낮,2021-01-07 12:23:00
0,0,635,426,0,강남구,도곡동,127.0439503,37.4923051,겨울,낮,2021-01-07 16:06:00
0,0,2658,905,800,광진구,군자동,127.0709028,37.5530078,겨울,낮,2021-01-07 16:32:00
0,0,2016,530,1930,광진구,화양동,127.0663719,37.5445572,겨울,낮,2021-01-07 18:46:00
0,0,27,452,0,구로구,구로동,126.8821874,37.4898436,겨울,밤,2021-01-08 4:27:00
0,0,189,430,1029,서대문구,남가좌동,126.9245569,37.5778588,겨울,밤,2021-01-08 5:27:00
0,0,150,424,711,성동구,용답동,127.0518255,37.5649067,겨울,낮,2021-01-08 11:07:00
0,0,132,730,30,관악구,남현동,126.9803297,37.4723302,겨울,낮,2021-01-08 12:00:00
0,0,17,452,50,양천구,목동,126.864408,37.5483911,겨울,밤,2021-01-08 19:26:00
0,0,170,527,259,양천구,신정동,126.8748795,37.5185092,겨울,밤,2021-01-09 3:24:00
0,0,228,500,700,은평구,응암동,126.9198716,37.5980833,겨울,낮,2021-01-09 10:59:00
0,0,315,436,509,구로구,가리봉동,126.8843114,37.4840937,겨울,낮,2021-01-09 11:14:00
0,0,70,715,0,서대문구,홍은동,126.9282714,37.5804929,겨울,낮,2021-01-09 14:47:00
0,0,31,425,3,금천구,가산동,126.8842587,37.4833288,겨울,낮,2021-01-09 15:12:00
0,0,1,449,0,노원구,공릉동,127.0779017,37.6268837,겨울,낮,2021-01-09 18:14:00
0,0,11,459,1506,중랑구,면목동,127.0924928,37.5837062,겨울,낮,2021-01-11 13:07:00
0,0,466,455,0,구로구,구로동,126.8761642,37.5055849,겨울,낮,2021-01-11 18:26:00
0,0,228,500,0,은평구,녹번동,126.9372931,37.6053217,겨울,밤,2021-01-11 19:15:00
0,0,100,443,236,금천구,독산동,126.8867799,37.4573039,겨울,밤,2021-01-12 2:45:00
1,3,24660,518,4242,동작구,상도동,126.9497871,37.5071756,겨울,밤,2021-01-12 3:00:00
0,0,2812,432,2247,강남구,대치동,127.0628026,37.4958276,겨울,낮,2021-01-12 8:38:00
0,0,102,427,500,강북구,수유동,127.0275636,37.6418206,겨울,밤,2021-01-12 20:11:00
0,0,86,443,900,송파구,석촌동,127.1105385,37.5003422,겨울,밤,2021-01-12 22:55:00
0,0,13,457,113,구로구,개봉동,126.8530182,37.485132,겨울,낮,2021-01-13 14:10:00
1,0,24536,617,13035,노원구,상계동,127.0767184,37.6721768,겨울,밤,2021-01-14 5:56:00
0,0,2975,435,1918,성동구,하왕십리동,127.0283927,37.5640157,겨울,낮,2021-01-14 15:42:00
0,0,167,430,3521,마포구,상암동,126.8814537,37.5801715,겨울,낮,2021-01-14 17:09:00
0,0,421,431,1034,마포구,서교동,126.9181196,37.5570591,겨울,낮,2021-01-14 18:57:00
0,0,165,726,0,구로구,고척동,126.8657482,37.504648,겨울,밤,2021-01-14 23:15:00
1,1,121,517,938,성북구,길음동,127.0276232,37.6117347,겨울,낮,2021-01-15 6:23:00
0,0,301,443,957,강서구,화곡동,126.8485061,37.5509858,겨울,밤,2021-01-16 0:34:00
0,0,72319,500,1900,은평구,응암동,126.9186022,37.5863191,겨울,밤,2021-01-16 21:28:00
0,0,35,450,0,은평구,대조동,126.9224108,37.6089464,겨울,낮,2021-01-17 16:38:00
0,0,132,456,1827,강서구,방화동,126.8030107,37.565066,겨울,밤,2021-01-17 21:21:00
0,0,5368,455,1940,구로구,구로동,126.8979296,37.4798314,겨울,밤,2021-01-18 1:17:00
0,0,70,532,300,양천구,신월동,126.8322551,37.5417041,겨울,밤,2021-01-18 3:46:00
0,0,60,429,31,강남구,신사동,127.0267017,37.5254343,겨울,낮,2021-01-18 13:53:00
0,0,330,600,0,서초구,방배동,126.9827053,37.4865041,겨울,낮,2021-01-18 13:56:00
0,1,463,433,1100,용산구,원효로3가,126.9565915,37.5341612,겨울,낮,2021-01-18 18:20:00
0,0,482,457,140,광진구,자양동,127.0685218,37.5395928,겨울,낮,2021-01-19 11:19:00
0,0,90,426,900,영등포구,신길동,126.9056765,37.5068094,겨울,낮,2021-01-19 14:42:00
0,0,50,443,657,강남구,대치동,127.0562554,37.4992396,겨울,낮,2021-01-20 8:30:00
0,0,874,437,4937,강남구,역삼동,127.0273311,37.5026505,겨울,낮,2021-01-20 12:22:00
0,0,325,427,400,관악구,봉천동,126.9611545,37.4783337,겨울,낮,2021-01-20 13:25:00
0,0,13037,448,1801,마포구,공덕동,126.9564329,37.5477454,겨울,낮,2021-01-20 17:04:00
0,0,118134,438,13231,강남구,역삼동,127.0386458,37.50666,겨울,낮,2021-01-20 18:39:00
0,0,136,539,0,동작구,대방동,126.9239775,37.5063454,겨울,낮,2021-01-20 18:40:00
0,0,178,430,800,마포구,공덕동,126.9523987,37.5502745,겨울,밤,2021-01-20 22:23:00
0,0,243,641,348,서대문구,홍은동,126.9421813,37.594612,겨울,밤,2021-01-21 0:04:00
0,0,300,456,0,성동구,성수동1가,127.0470234,37.5510496,겨울,낮,2021-01-21 16:53:00
1,0,464,454,200,성북구,정릉동,126.9980059,37.6065349,겨울,낮,2021-01-21 17:59:00
0,0,15,430,0,마포구,망원동,126.902382,37.5558956,겨울,낮,2021-01-21 18:08:00
0,0,50,455,0,금천구,시흥동,126.9063288,37.4535289,겨울,밤,2021-01-22 0:02:00
0,0,118,428,1057,강서구,화곡동,126.8505229,37.5547778,겨울,밤,2021-01-22 5:20:00
0,0,1210,447,2414,동작구,동작동,126.9685331,37.5063461,겨울,낮,2021-01-22 8:19:00
0,0,16,454,659,강남구,대치동,127.0674569,37.4977359,겨울,낮,2021-01-22 18:23:00
0,0,0,456,933,서대문구,대현동,126.9438639,37.5573394,겨울,밤,2021-01-23 1:43:00
0,0,0,440,400,성동구,마장동,127.0429854,37.5670079,겨울,낮,2021-01-23 6:19:00
0,0,8,725,942,관악구,신림동,126.9197444,37.4580121,겨울,밤,2021-01-25 19:41:00
0,0,375,500,3200,서초구,서초동,127.0202582,37.4944667,겨울,밤,2021-01-26 4:00:00
0,0,5979,600,3300,서초구,내곡동,127.0732583,37.4595593,겨울,밤,2021-01-26 4:03:00
0,0,0,605,3147,서대문구,북가좌동,126.9191075,37.5825168,겨울,낮,2021-01-26 17:31:00
0,0,72,617,0,동작구,신대방동,126.928999,37.495744,겨울,낮,2021-01-26 17:45:00
0,0,21456,557,2536,성동구,송정동,127.0573097,37.5526673,겨울,낮,2021-01-26 18:25:00
0,0,303,754,856,광진구,자양동,127.075698,37.5294343,겨울,밤,2021-01-26 19:09:00
0,0,260,438,5136,서대문구,창천동,126.9377066,37.5567384,겨울,밤,2021-01-26 21:13:00
0,0,18008,459,2521,노원구,상계동,127.0582105,37.6530655,겨울,낮,2021-01-27 8:09:00
0,0,1926,506,1305,종로구,행촌동,126.9602623,37.573016,겨울,낮,2021-01-27 12:51:00
0,2,4000,735,3341,용산구,신창동,126.9549158,37.5371001,겨울,낮,2021-01-28 8:32:00
0,0,59,500,1600,관악구,신림동,126.9334415,37.4715917,겨울,낮,2021-01-28 11:09:00
0,0,241,858,252,강남구,역삼동,127.0309479,37.4969754,겨울,낮,2021-01-28 15:44:00
0,0,3567,458,1745,강남구,역삼동,127.0456117,37.5058449,겨울,낮,2021-01-28 16:03:00
0,0,248,440,600,은평구,갈현동,126.9147456,37.6176437,겨울,밤,2021-01-28 20:49:00
0,0,283,1002,0,중구,남대문로5가,126.9760048,37.5536784,겨울,밤,2021-01-30 3:02:00
0,0,11,437,14,서대문구,홍제동,126.9456213,37.5899256,겨울,밤,2021-01-30 3:26:00
0,0,182,444,426,관악구,신림동,126.9261553,37.485066,겨울,밤,2021-01-30 4:19:00
0,0,166,451,1900,구로구,오류동,126.8434049,37.4924496,겨울,밤,2021-01-30 5:40:00
0,0,346,441,19,양천구,신정동,126.8719683,37.5144945,겨울,낮,2021-01-30 11:31:00
0,0,11,420,355,서대문구,홍제동,126.9460033,37.590298,겨울,밤,2021-01-30 19:28:00
0,0,22,447,121,양천구,신정동,126.8592162,37.5271012,겨울,밤,2021-01-31 3:26:00
0,0,1106,459,3052,종로구,구기동,126.9614008,37.6089958,겨울,밤,2021-01-31 4:01:00
0,0,376,450,0,영등포구,당산동5가,126.902883,37.5328749,겨울,낮,2021-01-31 9:52:00
0,0,12,505,0,종로구,숭인동,127.0170758,37.5754913,겨울,낮,2021-01-31 15:50:00
0,0,126,435,614,관악구,신림동,126.9226498,37.4839214,겨울,낮,2021-01-31 17:30:00
0,0,2025,515,300,구로구,구로동,126.8769334,37.4902915,겨울,밤,2021-02-01 4:07:00
0,0,8,2055,10000,관악구,봉천동,126.952565,37.4835534,겨울,밤,2021-02-01 20:07:00
0,0,4457,454,11336,양천구,목동,126.8676474,37.5262074,겨울,밤,2021-02-02 2:42:00
0,0,58,440,300,동작구,신대방동,126.9086145,37.4895873,겨울,밤,2021-02-02 19:28:00
0,0,454,615,1646,서초구,서초동,127.0168996,37.4926605,겨울,낮,2021-02-03 14:49:00
0,0,11,455,300,서초구,서초동,127.02214,37.4997703,겨울,밤,2021-02-03 19:18:00
0,0,36,650,30,관악구,신림동,126.9238101,37.4676321,겨울,밤,2021-02-03 22:05:00
0,0,56,536,731,성동구,옥수동,127.0105712,37.5404329,겨울,낮,2021-02-04 8:44:00
0,0,67,541,200,동작구,신대방동,126.9102831,37.487676,겨울,낮,2021-02-04 10:56:00
0,0,71,452,0,금천구,독산동,126.8866222,37.4573974,겨울,낮,2021-02-04 11:02:00
0,0,9249,456,1204,양천구,목동,126.8699593,37.5388853,겨울,낮,2021-02-04 16:12:00
0,0,253,622,214,서대문구,연희동,126.9232612,37.5710775,겨울,낮,2021-02-04 17:25:00
0,0,1629,427,3300,서대문구,홍은동,126.9501097,37.6051916,겨울,밤,2021-02-04 23:29:00
0,0,431,456,0,서초구,잠원동,127.0014353,37.5091702,겨울,낮,2021-02-05 14:38:00
0,0,110,450,2853,용산구,이촌동,126.9810648,37.5187648,겨울,밤,2021-02-05 23:05:00
1,0,2968,423,2249,양천구,신월동,126.8375917,37.5156123,겨울,밤,2021-02-05 23:25:00
0,0,449,532,1034,강남구,삼성동,127.0505561,37.5147917,겨울,밤,2021-02-05 23:42:00
0,0,20995,449,3315,영등포구,대림동,126.9040559,37.4883998,겨울,밤,2021-02-06 2:30:00
0,0,104,458,1350,광진구,구의동,127.0982003,37.5375147,겨울,낮,2021-02-06 10:19:00
0,0,465,534,0,금천구,독산동,126.9059326,37.470479,겨울,낮,2021-02-06 14:53:00
0,0,139,620,700,도봉구,도봉동,127.0300633,37.685121,겨울,낮,2021-02-06 17:51:00
0,0,35,445,800,은평구,대조동,126.919964,37.6144221,겨울,낮,2021-02-06 18:23:00
0,0,337,425,1430,마포구,연남동,126.9253835,37.5610533,겨울,밤,2021-02-07 0:31:00
0,0,26183,436,5232,강남구,삼성동,127.059159,37.5118239,겨울,밤,2021-02-07 1:23:00
0,0,58,650,0,영등포구,당산동3가,126.8973028,37.5269025,겨울,낮,2021-02-08 9:11:00
0,0,87,453,300,영등포구,당산동3가,126.9014587,37.5252164,겨울,낮,2021-02-08 10:56:00
0,0,6213,459,4647,노원구,상계동,127.0819245,37.6709064,겨울,낮,2021-02-08 18:12:00
0,0,478,641,2300,광진구,자양동,127.0776335,37.529226,겨울,밤,2021-02-08 20:37:00
0,0,12,426,33,강서구,공항동,126.8121771,37.5595525,겨울,낮,2021-02-09 10:40:00
0,0,427,430,725,강서구,마곡동,126.826721,37.5679746,겨울,낮,2021-02-09 11:15:00
0,0,4477,444,1059,강남구,압구정동,127.0359176,37.5297574,겨울,낮,2021-02-09 15:01:00
0,0,822,426,359,광진구,중곡동,127.09051,37.5598093,겨울,낮,2021-02-09 17:39:00
0,1,93,456,30,서초구,서초동,127.0176023,37.4912626,겨울,밤,2021-02-09 20:09:00
0,0,11,500,29,중랑구,망우동,127.1029445,37.6037329,겨울,밤,2021-02-10 1:43:00
0,0,0,615,100,서초구,서초동,127.023567,37.5035977,겨울,밤,2021-02-10 4:08:00
0,0,11,423,22,서대문구,홍은동,126.9503442,37.5979598,겨울,밤,2021-02-12 4:06:00
0,0,0,500,435,성동구,마장동,127.0430452,37.5694829,겨울,낮,2021-02-12 10:00:00
0,0,298,449,344,노원구,공릉동,127.076754,37.622902,겨울,낮,2021-02-12 14:36:00
0,0,228,431,1156,강남구,개포동,127.0595979,37.4852315,겨울,낮,2021-02-13 11:21:00
0,0,9581,430,2200,노원구,상계동,127.0522297,37.6772904,겨울,낮,2021-02-13 13:55:00
0,0,2316,520,1428,강남구,논현동,127.0243862,37.512264,겨울,낮,2021-02-13 14:27:00
0,0,310,420,1600,마포구,상암동,126.8928997,37.5755958,겨울,밤,2021-02-14 5:07:00
0,0,458,444,234,광진구,광장동,127.1047707,37.5460041,겨울,낮,2021-02-14 18:41:00
0,0,4,454,59,서대문구,신촌동,126.941932,37.5597969,겨울,밤,2021-02-15 20:47:00
2,0,1504,457,1703,광진구,중곡동,127.0943782,37.5585955,겨울,밤,2021-02-16 1:48:00
0,0,12,420,1,양천구,신월동,126.833758,37.5242432,겨울,밤,2021-02-16 3:21:00
0,0,14901,430,2638,구로구,구로동,126.8879949,37.4890276,겨울,낮,2021-02-16 8:10:00
0,0,202,427,734,광진구,화양동,127.0707563,37.5406998,겨울,낮,2021-02-16 10:25:00
0,0,983,716,1108,서초구,원지동,127.0550355,37.4461281,겨울,낮,2021-02-16 14:30:00
0,0,107,555,207,동작구,신대방동,126.9098745,37.4922807,겨울,낮,2021-02-16 18:26:00
0,0,478,519,707,강남구,대치동,127.0575108,37.4980752,겨울,낮,2021-02-17 12:23:00
0,0,83,500,300,성동구,하왕십리동,127.0288929,37.56391,겨울,낮,2021-02-17 15:40:00
0,0,112,603,4,서대문구,창천동,126.9396654,37.5565035,겨울,낮,2021-02-17 16:11:00
0,0,35,451,39,관악구,신림동,126.9286294,37.4771476,겨울,밤,2021-02-18 2:10:00
0,0,9,555,652,용산구,한남동,127.004236,37.5272067,겨울,밤,2021-02-18 3:28:00
0,0,0,459,26,서대문구,창천동,126.938582,37.5591186,겨울,낮,2021-02-18 7:53:00
0,0,14,525,255,서대문구,홍제동,126.9504958,37.5845768,겨울,낮,2021-02-18 14:07:00
0,0,1,549,1313,서대문구,홍은동,126.9398984,37.5959541,겨울,밤,2021-02-18 20:20:00
0,0,5251,444,14752,서초구,잠원동,127.0114537,37.5131149,겨울,밤,2021-02-18 21:04:00
0,0,55,502,500,용산구,이태원동,126.9911001,37.5352436,겨울,밤,2021-02-18 21:11:00
0,0,100,500,700,중랑구,면목동,127.0877017,37.5845781,겨울,낮,2021-02-19 7:50:00
0,0,260,457,1430,노원구,중계동,127.0831508,37.6451251,겨울,밤,2021-02-19 19:06:00
0,0,20,500,0,성동구,하왕십리동,127.0261628,37.5662297,겨울,밤,2021-02-19 19:23:00
0,0,123,500,2200,송파구,문정동,127.1291947,37.486209,겨울,밤,2021-02-28 0:13:00
0,0,392,455,2100,구로구,구로동,126.8977669,37.4808585,겨울,밤,2021-02-28 23:53:00
0,1,2908,429,1948,강동구,천호동,127.1375986,37.5437502,봄,밤,2021-03-01 5:36:00
0,0,119,701,1700,동작구,사당동,126.9752405,37.4913421,봄,낮,2021-03-01 13:15:00
0,0,2086,446,1816,동작구,사당동,126.977253,37.4833613,봄,낮,2021-03-01 15:50:00
0,0,6,449,30,마포구,공덕동,126.9625933,37.5503932,봄,낮,2021-03-01 18:05:00
0,0,45,426,200,관악구,신림동,126.9150799,37.4740072,봄,밤,2021-03-01 21:01:00
0,0,296,525,400,송파구,방이동,127.1166842,37.5127369,봄,밤,2021-03-01 22:16:00
0,0,50,459,229,양천구,신월동,126.8413956,37.5170541,봄,밤,2021-03-02 1:09:00
0,0,4,500,400,송파구,방이동,127.1177693,37.5115481,봄,낮,2021-03-02 12:54:00
0,0,973,421,2203,구로구,개봉동,126.8573058,37.488076,봄,낮,2021-03-03 16:50:00
0,0,279,446,2,양천구,신정동,126.8591702,37.5185964,봄,낮,2021-03-03 18:32:00
0,0,433,716,1053,서초구,우면동,127.0188063,37.464772,봄,밤,2021-03-03 23:33:00
0,0,243,433,0,도봉구,쌍문동,127.0375916,37.657968,봄,낮,2021-03-04 18:46:00
0,0,162,433,1008,동대문구,답십리동,127.0640321,37.5704048,봄,밤,2021-03-04 20:01:00
0,0,11,436,300,영등포구,신길동,126.9088727,37.5062363,봄,낮,2021-03-05 12:14:00
0,0,0,438,922,서대문구,북가좌동,126.9065926,37.5784903,봄,밤,2021-03-05 20:04:00
0,0,275,450,303,강동구,성내동,127.1338216,37.5338427,봄,밤,2021-03-06 3:39:00
0,0,51,426,0,구로구,구로동,126.8776025,37.4898521,봄,밤,2021-03-06 19:31:00
0,0,22,456,720,서초구,양재동,127.0442337,37.4676883,봄,밤,2021-03-06 23:27:00
0,0,1973,427,3333,강북구,미아동,127.0268392,37.6236406,봄,밤,2021-03-07 22:20:00
0,0,9342,432,2140,마포구,망원동,126.9035454,37.5612788,봄,밤,2021-03-07 22:35:00
0,0,754,441,1417,강남구,자곡동,127.1073167,37.4738109,봄,낮,2021-03-29 10:35:00
0,0,524,432,1100,서초구,양재동,127.035274,37.476631,봄,낮,2021-03-29 10:57:00
0,1,1382,1151,22,종로구,행촌동,126.9623634,37.574172,봄,낮,2021-03-29 17:09:00
0,0,1341,446,821,종로구,재동,126.9846204,37.5787914,봄,밤,2021-03-29 20:34:00
0,0,11,504,38,서대문구,충정로3가,126.9608258,37.5626586,봄,밤,2021-03-30 4:58:00
0,0,56,518,107,서대문구,대현동,126.945187,37.5582379,봄,낮,2021-03-30 12:40:00
0,0,174,515,603,강동구,상일동,127.1669,37.5514641,봄,밤,2021-03-30 19:33:00
0,0,140,440,200,송파구,문정동,127.1192712,37.4884175,봄,낮,2021-03-31 11:34:00
0,0,3376,441,1829,강남구,논현동,127.0253489,37.5094155,봄,밤,2021-04-01 3:48:00
0,0,4299,420,1200,중구,을지로2가,126.9887707,37.5666254,봄,낮,2021-04-01 7:38:00
0,0,96,429,600,강서구,내발산동,126.8416826,37.5546671,봄,낮,2021-04-01 14:37:00
0,0,25,453,0,동작구,사당동,126.9817675,37.4872295,봄,밤,2021-04-01 20:51:00
0,0,235,518,438,마포구,연남동,126.9177998,37.565324,봄,밤,2021-04-02 1:12:00
0,0,11,423,1100,영등포구,신길동,126.9135613,37.5063216,봄,밤,2021-04-06 19:24:00
0,0,11,426,837,강남구,일원동,127.0897053,37.4916439,봄,밤,2021-04-06 21:09:00
0,0,935,433,2507,성북구,성북동,127.001022,37.5963152,봄,낮,2021-04-07 14:33:00
0,0,1070,423,47,중랑구,묵동,127.0739685,37.6140027,봄,밤,2021-04-07 23:17:00
0,0,766,426,1700,강북구,우이동,127.0092378,37.6639815,봄,밤,2021-04-11 3:02:00
0,0,75,452,1005,양천구,목동,126.865858,37.5387367,봄,밤,2021-04-12 19:59:00
0,0,9,443,800,강서구,화곡동,126.8487162,37.5320665,봄,밤,2021-04-12 21:37:00
0,0,15,440,329,양천구,신월동,126.8445364,37.5215459,봄,밤,2021-04-15 0:58:00
0,0,58,1310,0,송파구,풍납동,127.1136514,37.5331647,봄,낮,2021-04-15 12:00:00
0,0,10135,452,1408,구로구,오류동,126.8422372,37.49331,봄,밤,2021-04-15 19:42:00
0,0,35,511,600,마포구,망원동,126.9046299,37.5571261,봄,낮,2021-04-16 10:27:00
0,0,496,603,608,강동구,상일동,127.1709846,37.5474442,봄,낮,2021-04-16 11:05:00
0,0,35,430,800,은평구,불광동,126.9294804,37.6228217,봄,낮,2021-04-16 16:42:00
0,0,100,725,700,서초구,우면동,127.0136636,37.4560634,봄,밤,2021-04-16 19:49:00
0,0,210,500,144,구로구,구로동,126.8871334,37.5012241,봄,낮,2021-04-17 11:36:00
0,0,22,541,30,서대문구,창천동,126.9328163,37.5573598,봄,낮,2021-04-17 18:48:00
0,0,89,514,347,광진구,자양동,127.0680381,37.5398611,봄,밤,2021-04-17 22:39:00
0,0,1965,440,30,관악구,신림동,126.9338371,37.4747069,봄,낮,2021-04-19 14:44:00
0,0,191,439,643,노원구,상계동,127.065785,37.6562645,봄,낮,2021-04-20 7:10:00
0,0,1,425,2247,노원구,상계동,127.061139,37.6509527,봄,밤,2021-04-21 1:06:00
0,0,1175,841,51,강서구,화곡동,126.8493186,37.555353,봄,낮,2021-04-21 11:25:00
0,0,507,439,3235,강남구,신사동,127.0228299,37.5227162,봄,낮,2021-04-22 11:34:00
0,0,41,426,423,노원구,상계동,127.0551423,37.6624811,봄,낮,2021-04-22 17:06:00
0,0,404,550,42,양천구,목동,126.8727401,37.5410508,봄,밤,2021-04-23 0:26:00
0,0,11,558,130,종로구,무악동,126.9586914,37.5757208,봄,낮,2021-04-23 9:07:00
0,0,498,450,636,양천구,목동,126.8663652,37.5357246,봄,낮,2021-04-23 15:21:00
0,0,360,420,1810,송파구,장지동,127.1364766,37.4755516,봄,밤,2021-04-23 21:09:00
0,0,13,550,700,영등포구,대림동,126.9031881,37.4973699,봄,밤,2021-04-24 0:11:00
0,0,361,436,600,서초구,서초동,127.0279131,37.4959349,봄,밤,2021-04-24 5:34:00
0,0,486,500,1000,강동구,암사동,127.1348797,37.5515934,봄,낮,2021-04-25 13:09:00
0,0,910,500,1400,송파구,문정동,127.1235938,37.481945,봄,밤,2021-04-27 3:25:00
0,1,1996,429,3831,강남구,역삼동,127.035062,37.4985461,봄,낮,2021-04-27 12:23:00
0,0,12,422,3703,광진구,화양동,127.0707222,37.5445946,봄,밤,2021-04-27 20:45:00
0,0,102,450,400,중구,회현동1가,126.9800729,37.5561835,봄,밤,2021-04-27 22:57:00
0,0,25,433,554,관악구,신림동,126.9294379,37.4825986,봄,밤,2021-04-27 23:16:00
0,0,110,540,1155,강동구,명일동,127.1482625,37.5511211,봄,낮,2021-04-28 16:31:00
0,1,353,502,324,광진구,화양동,127.0705771,37.5421347,봄,낮,2021-04-28 16:37:00
0,0,19421,455,1813,구로구,오류동,126.8403851,37.4886057,봄,밤,2021-04-28 20:06:00
0,0,1334,545,13119,강남구,율현동,127.1168259,37.4701042,봄,밤,2021-04-29 4:29:00
0,0,35,448,0,용산구,이태원동,126.9924847,37.5399897,봄,낮,2021-04-29 14:28:00
0,0,0,857,2,종로구,필운동,126.9666163,37.5773893,봄,낮,2021-04-30 17:10:00
0,0,8,420,906,종로구,평창동,126.9782172,37.612944,봄,밤,2021-04-30 21:59:00
0,0,0,432,10,서대문구,남가좌동,126.9214527,37.5748922,봄,밤,2021-05-01 20:53:00
0,0,11,456,205,광진구,중곡동,127.0901775,37.5557542,봄,밤,2021-05-01 21:04:00
0,0,97,818,800,강동구,암사동,127.1322151,37.5530321,봄,낮,2021-05-04 11:00:00
0,0,6,423,340,광진구,광장동,127.1036212,37.5453194,봄,낮,2021-05-04 13:20:00
0,0,484,459,3208,종로구,삼청동,126.9813032,37.5878548,봄,낮,2021-05-05 17:47:00
0,0,930,506,648,강동구,암사동,127.1334046,37.54774,봄,밤,2021-05-05 22:52:00
0,0,186,611,303,관악구,신림동,126.9308099,37.4759103,봄,낮,2021-05-06 16:38:00
0,0,318,440,824,성북구,하월곡동,127.0452712,37.6044561,봄,낮,2021-05-06 17:28:00
0,0,128,445,754,서초구,서초동,127.0101513,37.485985,봄,낮,2021-05-06 17:37:00
0,0,901,548,0,관악구,봉천동,126.9478298,37.480342,봄,낮,2021-05-07 13:00:00
0,0,217,432,2300,강서구,개화동,126.817052,37.5846224,봄,낮,2021-05-07 13:33:00
0,0,126,453,0,동작구,사당동,126.9809919,37.4885402,봄,낮,2021-05-09 12:02:00
0,0,19,500,947,은평구,갈현동,126.9104593,37.6186602,봄,낮,2021-05-09 13:10:00
0,0,184,445,400,동작구,사당동,126.9779224,37.4798083,봄,낮,2021-05-09 15:39:00
0,0,5,426,0,송파구,문정동,127.1253774,37.4881818,봄,밤,2021-05-09 23:36:00
0,0,1879,653,500,금천구,가산동,126.8787938,37.4818773,봄,낮,2021-05-10 17:45:00
0,0,3261,500,2100,성동구,성수동2가,127.0549086,37.5433384,봄,낮,2021-05-10 18:48:00
0,0,0,453,9,서대문구,홍제동,126.9434736,37.5876555,봄,낮,2021-05-11 12:49:00
0,0,5,459,725,중랑구,면목동,127.0878476,37.5863171,봄,낮,2021-05-11 15:15:00
0,0,8465,421,123,중구,신당동,127.0056314,37.5533696,봄,낮,2021-05-12 7:45:00
0,0,326,426,427,강남구,삼성동,127.0642343,37.5163284,봄,낮,2021-05-12 10:13:00
0,2,186,433,930,노원구,상계동,127.0701728,37.6646343,봄,밤,2021-05-13 5:30:00
0,0,52,627,1100,강서구,등촌동,126.8641294,37.5559878,봄,낮,2021-05-13 8:38:00
0,0,479,459,2317,강동구,천호동,127.138816,37.547423,봄,낮,2021-05-13 8:55:00
0,0,139,658,2300,강남구,논현동,127.0233386,37.5078979,봄,낮,2021-05-13 16:05:00
0,0,22,450,718,강동구,명일동,127.1548189,37.5481103,봄,낮,2021-05-13 18:49:00
0,0,2707,459,1829,종로구,창신동,127.0127389,37.5738388,봄,밤,2021-05-14 1:20:00
0,0,424,513,4615,서초구,서초동,127.0247469,37.4974952,봄,낮,2021-05-14 10:36:00
0,0,39,423,843,강남구,신사동,127.0224156,37.522918,봄,밤,2021-05-14 21:17:00
0,1,18415,548,1222,관악구,봉천동,126.9592376,37.4899264,봄,밤,2021-05-14 22:41:00
0,0,36,500,59,중랑구,면목동,127.0910838,37.5806391,봄,낮,2021-05-15 18:52:00
0,0,5512,517,1000,종로구,홍지동,126.9556373,37.6030996,봄,낮,2021-05-16 11:44:00
0,0,102,449,1235,강남구,청담동,127.0530891,37.5269266,봄,낮,2021-05-16 14:49:00
0,0,494,605,1637,광진구,화양동,127.0665711,37.5453271,봄,낮,2021-05-17 14:51:00
0,0,266,440,1144,노원구,상계동,127.0565059,37.6498723,봄,밤,2021-05-19 5:21:00
0,0,18,433,1650,강남구,논현동,127.0301757,37.506478,봄,낮,2021-05-20 6:14:00
0,1,50,500,3000,강서구,마곡동,126.8234852,37.5705625,봄,밤,2021-05-21 0:35:00
0,0,27,459,110,양천구,신월동,126.8306146,37.535907,봄,낮,2021-05-21 10:07:00
0,0,184,455,1300,관악구,신림동,126.9264956,37.4617689,봄,낮,2021-05-21 12:42:00
0,0,32596,500,2518,구로구,개봉동,126.8628348,37.4914889,봄,낮,2021-05-21 18:20:00
0,0,76,425,434,노원구,상계동,127.061494,37.6527059,봄,낮,2021-05-22 12:06:00
0,0,0,440,500,영등포구,영등포동2가,126.9091848,37.5199266,봄,낮,2021-05-24 11:39:00
0,0,69,659,400,구로구,구로동,126.8765195,37.4980613,봄,낮,2021-05-24 17:15:00
0,0,18,525,0,구로구,구로동,126.8870978,37.4886483,봄,낮,2021-05-25 14:50:00
0,0,1581,435,2934,강남구,삼성동,127.0485168,37.512787,봄,밤,2021-05-28 0:54:00
0,0,289,500,713,강서구,마곡동,126.8383431,37.5600982,봄,낮,2021-05-28 7:08:00
0,0,44,429,0,영등포구,문래동4가,126.8922554,37.5147582,봄,낮,2021-05-28 10:28:00
0,1,359,3133,355,동작구,사당동,126.980685,37.4889151,봄,낮,2021-05-28 18:19:00
0,0,161,500,1551,강서구,화곡동,126.8449825,37.530209,봄,낮,2021-05-29 10:11:00
0,0,9,430,1000,은평구,대조동,126.9193117,37.6114707,봄,밤,2021-05-30 0:57:00
0,0,1305,427,1714,노원구,상계동,127.0815835,37.6694547,봄,낮,2021-05-30 18:36:00
0,0,168,521,548,동작구,사당동,126.9753158,37.4810268,봄,밤,2021-05-30 20:10:00
0,0,596,515,2616,동작구,상도동,126.9356347,37.5053041,봄,밤,2021-05-30 21:33:00
0,0,11066,454,2643,노원구,중계동,127.0872017,37.6437141,봄,밤,2021-05-31 1:29:00
0,0,203,433,559,강서구,화곡동,126.8390916,37.5408461,여름,낮,2021-06-01 13:27:00
0,0,2787,601,900,용산구,서계동,126.9652344,37.5521864,여름,낮,2021-06-01 14:20:00
0,0,12,456,709,마포구,공덕동,126.9595664,37.5491826,여름,밤,2021-06-01 22:31:00
0,0,27,458,338,양천구,목동,126.8799675,37.5365744,여름,밤,2021-06-02 3:34:00
0,1,301,744,2031,종로구,동숭동,127.0053898,37.5832764,여름,밤,2021-06-02 4:42:00
0,0,974,506,1213,동대문구,제기동,127.0396342,37.5817475,여름,밤,2021-06-02 5:27:00
0,0,146,505,300,구로구,구로동,126.8723167,37.4960286,여름,밤,2021-06-03 1:30:00
0,1,36006,450,3700,성동구,성수동1가,127.0503779,37.5419759,여름,낮,2021-06-03 13:28:00
0,0,3896,459,1610,구로구,가리봉동,126.8815763,37.4863815,여름,낮,2021-06-03 16:52:00
0,0,11,501,0,서초구,잠원동,127.0096851,37.5079654,여름,낮,2021-06-04 10:36:00
0,0,19,442,115,양천구,목동,126.8687014,37.5358799,여름,낮,2021-06-04 11:41:00
0,0,93,500,800,용산구,이태원동,126.9953643,37.5401815,여름,낮,2021-06-04 17:15:00
0,0,19,424,0,도봉구,도봉동,127.040691,37.6872598,여름,밤,2021-06-04 19:28:00
0,0,2427,454,1626,노원구,월계동,127.0562242,37.6230316,여름,밤,2021-06-04 19:30:00
0,0,102,444,2000,관악구,신림동,126.9269064,37.4644976,여름,밤,2021-06-05 21:25:00
0,0,223,538,128,광진구,중곡동,127.0953576,37.556802,여름,밤,2021-06-06 3:25:00
0,0,35,444,500,강북구,수유동,127.0252487,37.639067,여름,낮,2021-06-06 9:14:00
0,0,9,430,810,성동구,성수동1가,127.0473905,37.5384434,여름,낮,2021-06-07 13:12:00
0,0,8,430,500,양천구,신월동,126.8372375,37.5310661,여름,낮,2021-06-07 13:48:00
0,0,50,506,0,서초구,잠원동,127.0038507,37.5117017,여름,낮,2021-06-07 14:05:00
0,0,120,437,647,관악구,봉천동,126.9486528,37.4902416,여름,낮,2021-06-09 16:00:00
0,0,295,422,205,영등포구,문래동3가,126.8909952,37.5198337,여름,낮,2021-06-09 16:01:00
0,0,0,511,2509,서대문구,홍제동,126.9379255,37.5887293,여름,낮,2021-06-09 16:51:00
0,0,9710,452,2705,구로구,개봉동,126.8525459,37.4876269,여름,밤,2021-06-09 21:04:00
0,0,8,444,100,용산구,보광동,127.002032,37.5282846,여름,낮,2021-06-10 13:34:00
0,0,64,430,200,송파구,석촌동,127.0998434,37.4999963,여름,낮,2021-06-10 17:27:00
0,0,200,429,102,성동구,옥수동,127.0143206,37.5440612,여름,밤,2021-06-10 22:58:00
0,0,12,452,600,용산구,용산동2가,126.9835575,37.5461348,여름,밤,2021-06-11 2:10:00
0,0,174338,500,34900,강서구,외발산동,126.8234835,37.5464786,여름,낮,2021-06-12 12:35:00
0,0,18,424,500,서초구,서초동,127.0129277,37.489303,여름,낮,2021-06-12 17:40:00
0,0,485,448,1500,강서구,등촌동,126.8633241,37.5522172,여름,밤,2021-06-12 21:15:00
0,0,1250,519,404,서초구,반포동,126.9935919,37.5094193,여름,낮,2021-06-13 12:28:00
0,0,67,451,1136,서대문구,홍제동,126.9384947,37.5841318,여름,밤,2021-06-13 19:47:00
0,0,11609,457,2300,강남구,압구정동,127.0258156,37.527717,여름,밤,2021-06-15 4:45:00
0,0,490,1800,4500,강서구,공항동,126.8029555,37.5591978,여름,낮,2021-06-15 9:47:00
0,0,1270,538,700,금천구,가산동,126.8862636,37.480974,여름,낮,2021-06-15 12:00:00
0,0,0,555,24,서초구,우면동,127.0228414,37.4620421,여름,밤,2021-06-15 19:05:00
0,0,302,426,2259,강남구,청담동,127.0469683,37.5205589,여름,밤,2021-06-15 20:12:00
0,0,0,456,2819,성동구,옥수동,127.0119612,37.5395547,여름,밤,2021-06-17 1:56:00
0,0,339,430,51,관악구,신림동,126.9102917,37.4728222,여름,낮,2021-06-17 14:39:00
0,0,2457,426,4100,영등포구,당산동3가,126.8939618,37.5252011,여름,낮,2021-06-17 14:55:00
0,0,10000,500,218,구로구,구로동,126.8741717,37.4970984,여름,낮,2021-06-19 15:39:00
0,0,130,448,800,노원구,상계동,127.0798025,37.6681872,여름,낮,2021-06-19 16:25:00
0,0,34,519,201,광진구,자양동,127.0644211,37.5353236,여름,낮,2021-06-19 18:36:00
0,0,110,505,1000,광진구,화양동,127.0797625,37.5395573,여름,밤,2021-06-19 20:58:00
0,0,17568,431,5500,용산구,용산동2가,126.9849607,37.5444172,여름,낮,2021-06-20 15:20:00
0,0,3702,430,1300,중구,순화동,126.9695695,37.563106,여름,밤,2021-06-22 0:22:00
0,0,3135,520,120,송파구,방이동,127.1088432,37.5139111,여름,낮,2021-06-22 14:04:00
0,0,306,426,400,관악구,신림동,126.9290234,37.4757442,여름,밤,2021-06-22 19:30:00
0,0,19143,500,3040,은평구,불광동,126.9357388,37.6126636,여름,밤,2021-06-22 21:14:00
0,0,443,500,2,금천구,가산동,126.8756246,37.4818007,여름,낮,2021-06-23 11:06:00
0,0,108,434,855,강북구,번동,127.0254722,37.6367127,여름,낮,2021-06-23 18:17:00
0,0,222,429,0,영등포구,대림동,126.8984943,37.502416,여름,밤,2021-06-24 0:15:00
0,0,66,458,1716,강남구,압구정동,127.0291407,37.5320262,여름,낮,2021-06-25 11:31:00
0,0,164,500,0,관악구,신림동,126.9317795,37.484259,여름,낮,2021-06-25 16:17:00
0,0,22,500,1000,성동구,마장동,127.0336551,37.5689593,여름,밤,2021-06-25 21:12:00
0,0,11,500,0,송파구,풍납동,127.1188753,37.539075,여름,낮,2021-06-26 11:19:00
0,0,14,458,502,광진구,구의동,127.092083,37.5392438,여름,낮,2021-06-26 15:29:00
0,0,11340,426,2259,노원구,상계동,127.0564251,37.6792676,여름,낮,2021-06-27 10:00:00
0,0,5,432,900,영등포구,여의도동,126.9377775,37.5216333,여름,낮,2021-06-27 14:38:00
0,0,16,424,914,서대문구,충정로3가,126.9627725,37.5626094,여름,낮,2021-06-27 15:04:00
0,0,50,459,403,마포구,망원동,126.9030341,37.5607814,여름,밤,2021-06-27 21:57:00
0,0,50,459,450,강서구,방화동,126.818041,37.5720558,여름,밤,2021-06-28 22:52:00
0,1,586,426,2139,마포구,공덕동,126.9544556,37.5499016,여름,낮,2021-06-30 10:07:00
0,1,18,500,900,용산구,청파동1가,126.9688992,37.5492908,여름,밤,2021-06-30 19:59:00
0,0,100,459,54,중랑구,면목동,127.0836221,37.5782037,여름,밤,2021-06-30 21:32:00
0,0,26,535,545,광진구,광장동,127.1030488,37.543273,여름,낮,2021-07-01 16:25:00
0,0,20,433,403,강남구,논현동,127.0427321,37.5121696,여름,낮,2021-07-01 17:53:00
0,0,359,810,0,마포구,대흥동,126.9454102,37.5550339,여름,밤,2021-07-02 3:12:00
0,0,40,436,203,마포구,서교동,126.9221565,37.5538131,여름,낮,2021-07-02 14:58:00
0,0,104,451,1132,성동구,금호동3가,127.0184023,37.550892,여름,낮,2021-07-03 7:22:00
0,0,1818,504,1706,강서구,염창동,126.8763398,37.5506019,여름,밤,2021-07-05 3:51:00
0,0,50,507,1130,중구,서소문동,126.9755251,37.5634154,여름,낮,2021-07-05 6:51:00
0,0,5026,626,3619,동작구,사당동,126.9709855,37.4777567,여름,낮,2021-07-05 15:58:00
0,0,22,555,536,양천구,목동,126.869325,37.5442862,여름,낮,2021-07-06 17:36:00
0,0,0,430,300,은평구,진관동,126.9383485,37.6382749,여름,밤,2021-07-06 23:35:00
0,0,3333,431,2708,강남구,논현동,127.0281199,37.5123962,여름,낮,2021-07-07 7:24:00
0,0,937,436,1524,동대문구,이문동,127.0567951,37.5981467,여름,밤,2021-07-07 23:29:00
0,0,313,900,0,강서구,화곡동,126.8588013,37.5335028,여름,낮,2021-07-08 13:13:00
0,0,642,435,1300,종로구,숭인동,127.0157383,37.5815574,여름,밤,2021-07-08 20:03:00
0,0,101,459,206,중랑구,중화동,127.0715517,37.5966554,여름,밤,2021-07-08 22:22:00
0,0,9040,558,3440,서대문구,북가좌동,126.9126233,37.5735729,여름,밤,2021-07-09 19:28:00
0,0,35791,428,3255,강북구,번동,127.0297224,37.6332746,여름,낮,2021-07-10 17:48:00
0,0,5,500,200,용산구,용산동2가,126.9875297,37.5455466,여름,낮,2021-07-11 8:31:00
0,0,321,432,3,양천구,신월동,126.838906,37.525807,여름,낮,2021-07-11 10:06:00
0,0,694,451,35,노원구,상계동,127.0829254,37.6747934,여름,낮,2021-07-11 16:10:00
0,0,19,446,240,양천구,신정동,126.8587566,37.5209318,여름,낮,2021-07-11 18:14:00
0,0,4287,545,3243,종로구,창신동,127.0105328,37.5760883,여름,밤,2021-07-12 19:55:00
0,0,5145,500,1600,강동구,고덕동,127.1509357,37.5601953,여름,밤,2021-07-12 21:01:00
0,0,3113,517,3334,서대문구,북가좌동,126.9137589,37.5791566,여름,낮,2021-07-13 13:06:00
0,0,207,441,0,구로구,온수동,126.8213536,37.4968248,여름,낮,2021-07-13 15:27:00
0,0,9,455,815,강북구,미아동,127.0263677,37.613029,여름,낮,2021-07-13 18:39:00
0,0,4,438,800,중랑구,중화동,127.085469,37.6001833,여름,밤,2021-07-14 21:59:00
0,0,5,434,0,동작구,상도동,126.9538965,37.5030516,여름,낮,2021-07-15 13:16:00
0,0,9018,429,3300,서초구,방배동,126.9846451,37.4730879,여름,밤,2021-07-15 23:34:00
0,0,31883,500,12000,성동구,마장동,127.0450547,37.5677886,여름,밤,2021-07-16 1:13:00
0,0,1196,420,2100,마포구,성산동,126.9103595,37.5627956,여름,밤,2021-07-16 1:41:00
0,0,1430,547,2119,영등포구,신길동,126.9132618,37.5054905,여름,낮,2021-07-16 10:03:00
0,2,4283,922,6,서초구,반포동,127.0229569,37.5059595,여름,낮,2021-07-16 11:11:00
0,0,30,454,806,성동구,금호동4가,127.023659,37.5446363,여름,낮,2021-07-16 18:44:00
0,0,193,459,3400,강서구,등촌동,126.8602966,37.5511071,여름,밤,2021-07-16 19:50:00
0,0,301,430,400,송파구,가락동,127.1248624,37.4918878,여름,밤,2021-07-17 0:36:00
0,0,29,542,539,관악구,신림동,126.9153531,37.46332,여름,밤,2021-07-17 2:08:00
0,0,2215,500,2200,서초구,잠원동,127.0082242,37.5122366,여름,낮,2021-07-17 6:15:00
0,0,662,455,745,노원구,상계동,127.0614596,37.6480278,여름,낮,2021-07-17 11:29:00
0,0,1,426,0,노원구,상계동,127.0589089,37.6457711,여름,낮,2021-07-17 17:58:00
0,0,36,504,200,구로구,개봉동,126.8521477,37.491777,여름,낮,2021-07-18 15:24:00
0,0,24659,450,12600,관악구,남현동,126.9715071,37.4753271,여름,밤,2021-07-19 19:43:00
0,0,2891,529,1154,서초구,반포동,127.0106011,37.5015154,여름,밤,2021-07-20 2:46:00
0,0,12,440,0,중랑구,면목동,127.0866844,37.5878443,여름,낮,2021-07-20 8:37:00
0,0,15,422,600,중랑구,상봉동,127.0890782,37.5940456,여름,낮,2021-07-20 12:55:00
0,0,13496,452,3453,광진구,자양동,127.0697313,37.5350747,여름,낮,2021-07-20 14:22:00
0,0,480,431,9,송파구,잠실동,127.0733855,37.5069412,여름,낮,2021-07-20 14:54:00
0,0,5201,500,1500,강동구,성내동,127.1265582,37.5315115,여름,밤,2021-07-21 1:15:00
0,0,1305,604,1913,관악구,신림동,126.9482599,37.4591445,여름,낮,2021-07-21 6:23:00
0,0,31,741,827,강남구,논현동,127.0257219,37.5094697,여름,밤,2021-07-21 19:18:00
0,0,479,440,2200,송파구,잠실동,127.0824353,37.510925,여름,밤,2021-07-21 19:26:00
0,0,334,630,0,마포구,아현동,126.9551557,37.5532843,여름,밤,2021-07-22 2:24:00
0,0,292,438,2002,송파구,신천동,127.1002941,37.5144392,여름,낮,2021-07-22 7:52:00
0,0,464,451,942,노원구,중계동,127.0740856,37.6608622,여름,낮,2021-07-22 17:04:00
0,0,11,438,936,노원구,중계동,127.0725467,37.6460768,여름,밤,2021-07-22 20:04:00
0,1,6307,500,4219,강남구,역삼동,127.035481,37.5056782,여름,낮,2021-07-24 14:39:00
0,0,5801,426,1539,노원구,상계동,127.062797,37.6564532,여름,낮,2021-07-24 15:35:00
0,0,309,434,1600,마포구,상암동,126.8811319,37.5880511,여름,낮,2021-07-24 17:56:00
0,0,215,456,1309,성북구,정릉동,127.0119582,37.6114097,여름,낮,2021-07-24 18:13:00
0,0,400,512,645,광진구,화양동,127.0697392,37.542511,여름,밤,2021-07-24 23:35:00
0,0,36324,459,2302,중랑구,상봉동,127.0910051,37.6005544,여름,낮,2021-07-25 14:06:00
0,0,22,716,742,서초구,잠원동,127.0159424,37.5187247,여름,낮,2021-07-25 17:00:00
0,0,183,442,543,강남구,논현동,127.0334847,37.5113451,여름,밤,2021-07-26 2:50:00
0,0,50,500,0,용산구,동빙고동,126.9942915,37.527742,여름,낮,2021-07-26 9:57:00
0,0,16,459,510,강남구,논현동,127.0386695,37.5114363,여름,낮,2021-07-26 14:33:00
0,0,366,830,1000,서초구,우면동,127.0256057,37.4619669,여름,낮,2021-07-26 17:05:00
0,0,7,447,400,광진구,중곡동,127.0892868,37.5560223,여름,밤,2021-07-26 21:36:00
0,0,48535,539,12421,마포구,성산동,126.9087451,37.5670875,여름,밤,2021-07-27 2:18:00
0,0,225,544,7,광진구,자양동,127.0747407,37.5317927,여름,낮,2021-07-27 14:52:00
0,0,67,429,0,중랑구,면목동,127.0831488,37.5911426,여름,낮,2021-07-27 17:45:00
0,0,4790,740,854,서초구,우면동,127.0127194,37.4567231,여름,낮,2021-07-28 6:34:00
0,0,8,723,1345,서대문구,북아현동,126.959526,37.5610435,여름,밤,2021-07-28 19:56:00
0,0,114,430,1300,중랑구,면목동,127.0859092,37.5784203,여름,낮,2021-07-29 8:52:00
0,0,814,435,2300,서초구,양재동,127.0386328,37.4823607,여름,낮,2021-07-29 14:21:00
0,0,449,537,723,강서구,마곡동,126.8231269,37.5655694,여름,낮,2021-07-29 18:52:00
0,0,250,427,818,영등포구,신길동,126.9128448,37.5103902,여름,낮,2021-07-30 12:13:00
0,0,195,422,1100,마포구,연남동,126.925814,37.5628159,여름,낮,2021-07-30 13:05:00
0,0,119,454,300,성동구,응봉동,127.0378484,37.5523858,여름,낮,2021-07-30 13:55:00
0,0,1917,455,628,영등포구,여의도동,126.9198726,37.5293662,여름,밤,2021-07-31 2:44:00
0,0,30,450,545,관악구,신림동,126.9299772,37.4851502,여름,밤,2021-07-31 2:59:00
0,0,4235,457,2607,동대문구,전농동,127.0491008,37.5829316,여름,밤,2021-07-31 3:22:00
0,0,46,430,700,강서구,화곡동,126.8493703,37.5345888,여름,낮,2021-07-31 9:58:00
0,0,7608,430,3800,송파구,잠실동,127.0814458,37.5108087,여름,낮,2021-07-31 13:52:00
0,0,160,457,603,강남구,역삼동,127.0277642,37.5001689,여름,낮,2021-07-31 15:39:00
0,0,19,428,2100,강서구,가양동,126.8407026,37.56969,여름,낮,2021-08-01 13:18:00
0,0,525,802,454,서초구,잠원동,127.0079421,37.5186167,여름,낮,2021-08-02 10:12:00
0,0,5,730,10,서대문구,홍은동,126.9274709,37.5827065,여름,낮,2021-08-02 10:50:00
0,0,1151,458,0,금천구,가산동,126.8858521,37.4722168,여름,낮,2021-08-02 12:58:00
0,0,13,433,635,마포구,연남동,126.918459,37.563584,여름,밤,2021-08-02 21:53:00
0,0,7215,454,2945,종로구,연건동,126.9996097,37.5777078,여름,낮,2021-08-03 10:07:00
0,0,9,450,3054,강서구,화곡동,126.8593957,37.5333716,여름,밤,2021-08-04 3:03:00
0,0,926,804,156,종로구,예지동,127.0005914,37.5696622,여름,낮,2021-08-04 8:41:00
0,0,27,511,953,강남구,대치동,127.0638298,37.4953078,여름,낮,2021-08-04 12:39:00
0,0,1587,459,11210,강남구,삼성동,127.0512916,37.5119826,여름,낮,2021-08-04 16:05:00
0,0,246,442,2828,강서구,화곡동,126.8465569,37.5316279,여름,낮,2021-08-05 9:28:00
0,0,80,442,16,광진구,구의동,127.0914823,37.5343019,여름,낮,2021-08-05 13:21:00
0,0,9850,449,2719,강남구,자곡동,127.0905153,37.4730059,여름,낮,2021-08-06 12:58:00
0,0,809,500,1200,은평구,진관동,126.9299394,37.6473099,여름,낮,2021-08-06 17:27:00
0,3,107796,449,11630,노원구,중계동,127.0776051,37.6493749,여름,밤,2021-08-07 2:45:00
0,0,11,426,400,강서구,화곡동,126.8508978,37.5552658,여름,낮,2021-08-07 16:01:00
0,0,161,502,1200,중구,필동2가,126.995478,37.5575023,여름,밤,2021-08-07 20:22:00
0,0,193,432,609,관악구,봉천동,126.9623284,37.4782921,여름,밤,2021-08-07 21:13:00
0,0,236,446,624,마포구,망원동,126.9037876,37.555283,여름,낮,2021-08-08 6:02:00
0,0,375,1500,0,용산구,청파동3가,126.9649204,37.5417149,여름,낮,2021-08-08 15:14:00
0,0,11,548,2208,관악구,봉천동,126.9459723,37.4882511,여름,낮,2021-08-08 15:26:00
0,0,13459,452,3800,용산구,서계동,126.9693328,37.5502835,여름,밤,2021-08-09 19:22:00
0,0,151,426,0,성동구,행당동,127.0288632,37.5594413,여름,낮,2021-08-10 10:27:00
0,0,58,510,503,광진구,구의동,127.0924097,37.5407316,여름,낮,2021-08-10 10:40:00
0,0,11,603,109,관악구,봉천동,126.9397454,37.4820409,여름,밤,2021-08-10 21:53:00
0,0,1913,420,2135,노원구,중계동,127.0809432,37.6472795,여름,밤,2021-08-11 19:45:00
0,0,1998,458,1500,중랑구,상봉동,127.0832514,37.5952495,여름,밤,2021-08-12 1:43:00
0,0,25602,511,1606,중구,장충동1가,127.0074043,37.5625764,여름,밤,2021-08-12 3:17:00
0,0,57,504,0,중랑구,면목동,127.087491,37.5875526,여름,낮,2021-08-12 10:37:00
0,0,47,505,521,중랑구,중화동,127.0810466,37.5986137,여름,낮,2021-08-12 14:09:00
0,0,727,505,913,관악구,신림동,126.9341654,37.4721196,여름,밤,2021-08-12 21:42:00
0,0,49,450,12,금천구,독산동,126.8984448,37.4663257,여름,낮,2021-08-13 13:26:00
0,0,281,423,505,영등포구,영등포동5가,126.9053279,37.5209687,여름,낮,2021-08-13 18:11:00
0,0,246,500,3200,도봉구,창동,127.0349015,37.6403884,여름,밤,2021-08-14 1:42:00
0,0,337,709,1059,서초구,잠원동,127.0181419,37.5169161,여름,낮,2021-08-14 7:07:00
0,0,420,459,1443,서초구,반포동,127.0162679,37.5064689,여름,낮,2021-08-14 8:35:00
0,0,16,819,132,관악구,신림동,126.929255,37.4677067,여름,낮,2021-08-14 13:23:00
0,0,8,459,1008,중랑구,면목동,127.0863588,37.5785485,여름,낮,2021-08-15 17:25:00
0,0,301,437,916,중구,수표동,126.9907573,37.5678128,여름,밤,2021-08-16 2:44:00
0,0,138,500,2856,서초구,반포동,127.0162679,37.5064363,여름,낮,2021-08-16 9:44:00
0,0,3,440,500,중랑구,면목동,127.0898591,37.5882638,여름,낮,2021-08-16 16:07:00
0,0,322,448,959,노원구,상계동,127.0658108,37.6667163,여름,낮,2021-08-16 16:12:00
0,0,796,430,656,관악구,신림동,126.9114398,37.4851276,여름,낮,2021-08-16 17:29:00
0,0,3229,531,2000,관악구,신림동,126.9151538,37.4809453,여름,밤,2021-08-17 22:28:00
0,0,9,457,551,중랑구,면목동,127.0837698,37.5900609,여름,밤,2021-08-17 22:54:00
0,0,148,423,615,강동구,천호동,127.1235369,37.5464086,여름,낮,2021-08-18 16:44:00
0,0,68,430,1200,강북구,미아동,127.0292618,37.6258532,여름,낮,2021-08-19 10:31:00
0,0,1882,444,900,마포구,성산동,126.9169843,37.5609583,여름,낮,2021-08-20 10:39:00
0,0,2,454,359,성동구,성수동2가,127.0614368,37.5393511,여름,낮,2021-08-21 11:32:00
0,0,47,622,900,노원구,상계동,127.0597119,37.6607634,여름,낮,2021-08-21 13:04:00
0,0,496,451,1339,동대문구,제기동,127.034253,37.5867652,여름,밤,2021-08-22 20:35:00
0,0,4,439,2,서대문구,대현동,126.9465206,37.5594118,여름,낮,2021-08-23 8:44:00
0,1,85885,440,4520,송파구,문정동,127.1337831,37.4873953,여름,낮,2021-08-23 13:27:00
0,1,58,630,322,관악구,봉천동,126.9630276,37.4739016,여름,밤,2021-08-23 21:44:00
0,0,248,527,1121,서대문구,창천동,126.9316014,37.5603009,여름,밤,2021-08-24 0:14:00
0,0,22,447,900,송파구,잠실동,127.0825305,37.5101701,여름,낮,2021-08-24 7:03:00
0,0,50,455,1823,금천구,시흥동,126.9054211,37.4402851,여름,낮,2021-08-24 14:30:00
0,0,62,457,300,관악구,봉천동,126.9288319,37.4932225,여름,낮,2021-08-24 14:43:00
0,0,5,626,748,서대문구,홍은동,126.9306211,37.5875357,여름,낮,2021-08-25 11:12:00
0,0,55,459,741,중랑구,면목동,127.0928287,37.5885302,여름,낮,2021-08-26 11:29:00
0,0,4214,430,200,관악구,신림동,126.9336269,37.4683336,여름,낮,2021-08-27 12:45:00
0,0,12,540,25,관악구,신림동,126.9252233,37.475108,여름,밤,2021-08-28 0:47:00
0,0,1471,454,4544,송파구,잠실동,127.0852181,37.5075805,여름,밤,2021-08-28 5:05:00
0,0,37,500,1300,은평구,응암동,126.925985,37.5929692,여름,낮,2021-08-28 9:32:00
0,0,55,459,1230,강동구,강일동,127.1724795,37.5585231,여름,낮,2021-08-28 13:27:00
0,0,22,458,17,관악구,봉천동,126.9536588,37.4866413,여름,낮,2021-08-28 14:40:00
0,0,493,500,1900,강서구,방화동,126.8197651,37.5704445,여름,밤,2021-08-30 0:55:00
0,0,9853,444,5725,서대문구,남가좌동,126.9208126,37.5785535,여름,낮,2021-08-30 10:56:00
0,0,495,452,2405,영등포구,당산동1가,126.8960175,37.5215732,여름,낮,2021-08-30 18:28:00
0,0,30,446,1200,광진구,화양동,127.0692213,37.5418136,여름,밤,2021-08-30 22:12:00
0,0,496,437,1024,중랑구,상봉동,127.0881587,37.5954789,여름,낮,2021-08-31 13:00:00
0,0,8,610,842,서대문구,홍제동,126.9496378,37.5910644,여름,낮,2021-08-31 13:28:00
0,0,35,449,448,노원구,상계동,127.0633364,37.6563451,여름,낮,2021-08-31 15:26:00
0,0,119,504,6,관악구,봉천동,126.9611392,37.4783184,가을,낮,2021-09-01 10:36:00
0,0,381,500,400,도봉구,도봉동,127.0489307,37.691506,가을,밤,2021-09-01 19:04:00
0,0,16,458,0,동작구,상도동,126.9348839,37.4940542,가을,밤,2021-09-01 20:56:00
0,0,147,525,1511,서대문구,충정로2가,126.9646557,37.5657406,가을,밤,2021-09-01 23:50:00
0,0,24,531,1501,서대문구,충정로2가,126.9646557,37.5657406,가을,밤,2021-09-02 4:38:00
0,0,12,528,0,동대문구,휘경동,127.0656985,37.5840219,가을,밤,2021-09-02 4:55:00
0,0,20,435,0,용산구,산천동,126.9488997,37.5351272,가을,낮,2021-09-02 10:00:00
0,0,473,455,359,광진구,화양동,127.0686359,37.5410931,가을,낮,2021-09-02 11:14:00
0,0,6950,456,1813,강남구,개포동,127.0735355,37.4929696,가을,낮,2021-09-03 13:19:00
0,0,85,430,0,마포구,망원동,126.9062583,37.5574692,가을,낮,2021-09-03 14:41:00
0,0,36,451,19,관악구,신림동,126.9019715,37.4801107,가을,낮,2021-09-03 15:21:00
0,0,388,633,800,용산구,용산동2가,126.9846579,37.5420809,가을,밤,2021-09-03 23:08:00
0,0,12,441,524,종로구,숭인동,127.015719,37.5785863,가을,밤,2021-09-03 23:33:00
0,0,310,601,2149,서대문구,충정로2가,126.9641774,37.5654092,가을,밤,2021-09-05 1:21:00
0,0,68,652,259,강남구,논현동,127.025081,37.5054974,가을,낮,2021-09-05 14:44:00
0,0,237,623,313,강동구,암사동,127.1361887,37.5506268,가을,낮,2021-09-05 15:01:00
0,0,111,450,343,노원구,하계동,127.0743351,37.643243,가을,낮,2021-09-06 10:39:00
0,0,105,459,834,강서구,화곡동,126.8500577,37.5399155,가을,낮,2021-09-06 16:16:00
0,0,855,539,4333,동작구,흑석동,126.9649974,37.5072009,가을,밤,2021-09-06 20:51:00
0,0,9,500,1100,강북구,수유동,127.0206381,37.6397013,가을,밤,2021-09-06 23:17:00
0,0,1867,421,0,중구,신당동,127.0117323,37.5629506,가을,낮,2021-09-07 7:18:00
0,0,23,450,1,송파구,오금동,127.1296173,37.5106543,가을,낮,2021-09-07 7:44:00
0,1,4,457,1200,강북구,미아동,127.0221546,37.6250258,가을,낮,2021-09-07 17:30:00
0,0,2,420,1500,중랑구,중화동,127.0746475,37.5983026,가을,낮,2021-09-08 13:13:00
0,0,8,659,38,광진구,구의동,127.0914322,37.5342254,가을,낮,2021-09-08 15:17:00
0,0,1,420,340,영등포구,대림동,126.895453,37.5018876,가을,낮,2021-09-09 14:34:00
0,0,2630,422,1400,강동구,상일동,127.1620751,37.5466911,가을,낮,2021-09-09 16:02:00
0,0,128,423,0,광진구,중곡동,127.0893249,37.5534644,가을,낮,2021-09-10 8:30:00
0,0,14,425,343,광진구,중곡동,127.0880261,37.5619333,가을,낮,2021-09-10 18:32:00
0,0,216,430,0,송파구,가락동,127.1200591,37.4971662,가을,밤,2021-09-10 20:55:00
0,0,55,449,401,강동구,천호동,127.1404656,37.5488596,가을,밤,2021-09-10 23:49:00
0,0,11,505,752,종로구,창신동,127.0141632,37.5808798,가을,낮,2021-09-11 8:56:00
0,0,357,455,1342,서초구,방배동,126.9838433,37.4853499,가을,낮,2021-09-11 11:03:00
0,0,5060,453,956,서대문구,북가좌동,126.9115487,37.5758897,가을,낮,2021-09-11 14:44:00
0,0,142,426,621,용산구,청파동1가,126.96915,37.5472175,가을,밤,2021-09-11 23:15:00
0,0,55,448,7,관악구,신림동,126.9319947,37.4767085,가을,밤,2021-09-13 1:06:00
0,0,12,712,456,서초구,양재동,127.0375609,37.4837089,가을,낮,2021-09-13 11:04:00
0,0,303,800,519,강남구,대치동,127.0618263,37.4934236,가을,낮,2021-09-13 12:28:00
0,0,465,432,1050,강서구,화곡동,126.8472062,37.5303652,가을,밤,2021-09-13 20:18:00
0,1,804,510,19,광진구,자양동,127.077453,37.5355105,가을,낮,2021-09-14 6:07:00
0,0,3025,425,4551,중구,초동,126.992538,37.5638237,가을,낮,2021-09-14 14:00:00
0,0,4552,450,2948,중구,묵정동,126.999799,37.5614178,가을,낮,2021-09-14 15:35:00
0,0,1,441,5,성동구,마장동,127.036189,37.5708087,가을,낮,2021-09-14 16:23:00
0,0,893,455,315,종로구,창신동,127.0086559,37.5778541,가을,낮,2021-09-14 17:35:00
0,0,71,438,100,노원구,상계동,127.0599027,37.6596458,가을,밤,2021-09-14 19:41:00
0,0,463,519,23,관악구,신림동,126.9346681,37.4677335,가을,밤,2021-09-14 21:22:00
0,0,1559,500,143,동작구,사당동,126.9788193,37.4800442,가을,낮,2021-09-15 10:38:00
0,0,874,425,1600,서초구,양재동,127.0408421,37.4844158,가을,낮,2021-09-15 11:11:00
0,0,489,443,2622,종로구,관훈동,126.9851839,37.5736724,가을,낮,2021-09-15 11:52:00
0,0,8,639,433,서대문구,홍은동,126.9346842,37.593108,가을,낮,2021-09-15 14:26:00
0,0,59,421,1154,송파구,가락동,127.1179357,37.4959616,가을,낮,2021-09-15 17:26:00
0,0,599,900,1200,용산구,한남동,127.0103946,37.5339839,가을,낮,2021-09-15 17:49:00
0,0,1459,442,1246,강서구,가양동,126.8416079,37.5714534,가을,밤,2021-09-15 19:24:00
0,0,37,444,249,관악구,봉천동,126.9669468,37.4742127,가을,밤,2021-09-15 22:09:00
0,0,727,555,700,광진구,자양동,127.0834618,37.528525,가을,낮,2021-09-16 15:39:00
0,0,4,445,1817,노원구,상계동,127.0691408,37.6674434,가을,낮,2021-09-16 18:32:00
0,1,609,433,19,관악구,봉천동,126.9615859,37.4789798,가을,밤,2021-09-17 3:12:00
0,0,47,518,1100,강남구,논현동,127.0272827,37.5076581,가을,낮,2021-09-17 6:10:00
0,0,1379,425,924,구로구,오류동,126.8454189,37.4964178,가을,낮,2021-09-17 8:47:00
0,0,402,427,900,관악구,신림동,126.9145398,37.4633626,가을,낮,2021-09-17 14:12:00
0,0,38,500,400,용산구,후암동,126.975661,37.5519882,가을,낮,2021-09-17 18:19:00
0,0,1,427,400,강북구,수유동,127.0235132,37.6388089,가을,낮,2021-09-18 13:48:00
0,0,16,500,1400,은평구,갈현동,126.9110443,37.6188506,가을,밤,2021-09-18 19:53:00
0,0,48,420,422,동작구,대방동,126.9324923,37.5122746,가을,밤,2021-09-18 23:14:00
0,0,161,458,2008,서대문구,홍제동,126.9434936,37.5896138,가을,밤,2021-09-19 5:06:00
0,0,297,454,1610,서대문구,충정로2가,126.9646173,37.5657271,가을,밤,2021-09-19 21:31:00
0,0,11,449,355,관악구,봉천동,126.9627298,37.4779159,가을,밤,2021-09-20 5:58:00
0,0,51,430,900,용산구,이촌동,126.982295,37.5193743,가을,밤,2021-09-20 22:04:00
0,0,30,458,1012,도봉구,방학동,127.032048,37.6704562,가을,밤,2021-09-20 22:31:00
0,0,8,436,22,서대문구,북가좌동,126.9204764,37.5817378,가을,밤,2021-09-20 23:15:00
0,0,28,436,1012,서대문구,홍은동,126.9335083,37.5921394,가을,밤,2021-09-21 0:13:00
0,0,394,420,10912,종로구,연건동,127.0019099,37.5786473,가을,밤,2021-09-21 2:21:00
0,0,158,441,509,강동구,천호동,127.1388096,37.5486177,가을,낮,2021-09-21 10:23:00
0,0,67,530,2,서대문구,옥천동,126.9621557,37.5698062,가을,밤,2021-09-22 2:09:00
0,0,1857,453,1909,강남구,논현동,127.0385754,37.5199604,가을,낮,2021-09-23 9:57:00
0,0,11,421,200,성동구,옥수동,127.0144461,37.5448514,가을,낮,2021-09-23 10:15:00
0,0,437,444,400,서초구,방배동,126.9842825,37.495585,가을,낮,2021-09-23 12:55:00
0,0,20876,539,2739,광진구,자양동,127.0803611,37.5292539,가을,낮,2021-09-23 15:28:00
0,0,473,459,938,영등포구,영등포동2가,126.9130908,37.5213094,가을,낮,2021-09-24 11:08:00
0,0,3611,500,2103,동작구,신대방동,126.9252772,37.4950577,가을,낮,2021-09-24 14:16:00
0,0,9,434,0,용산구,한강로3가,126.9643201,37.5239448,가을,밤,2021-09-24 23:55:00
0,1,12330,450,2000,은평구,증산동,126.9068803,37.5849778,가을,밤,2021-09-25 5:56:00
0,0,72,500,0,용산구,이태원동,126.9945284,37.5417965,가을,낮,2021-09-25 14:18:00
0,2,6399,510,3700,강동구,상일동,127.172022,37.5500012,가을,낮,2021-09-25 14:18:00
0,0,2,500,600,중랑구,면목동,127.1019575,37.5876225,가을,낮,2021-09-25 17:26:00
0,0,20,450,501,중랑구,면목동,127.0830337,37.5890511,가을,밤,2021-09-27 2:54:00
0,1,339,536,453,관악구,신림동,126.9182533,37.4869067,가을,낮,2021-09-27 9:34:00
0,0,11,437,220,관악구,신림동,126.9421927,37.4690248,가을,낮,2021-09-27 12:32:00
0,0,20,531,424,광진구,광장동,127.0996048,37.5397266,가을,낮,2021-09-27 13:58:00
0,0,440,500,2200,성동구,성수동2가,127.0541888,37.5481007,가을,낮,2021-09-28 11:39:00
0,0,113,429,237,양천구,신정동,126.8594091,37.5204865,가을,낮,2021-09-28 15:02:00
0,0,949,714,2745,서초구,우면동,127.0277336,37.4641406,가을,밤,2021-09-28 20:37:00
0,0,12,817,8,관악구,봉천동,126.9299669,37.4919924,가을,낮,2021-09-29 9:21:00
0,0,200,448,229,성동구,마장동,127.0385362,37.5688656,가을,낮,2021-09-29 10:00:00
0,0,3775,615,1515,관악구,봉천동,126.9575047,37.4821769,가을,낮,2021-09-29 16:57:00
0,0,22,454,17,광진구,화양동,127.068048,37.5441673,가을,밤,2021-09-30 1:49:00
0,0,200,1408,9,서대문구,창천동,126.9363008,37.5557498,가을,낮,2021-09-30 10:45:00
0,0,2845,528,909,강남구,논현동,127.0283558,37.5058265,가을,낮,2021-09-30 13:45:00
0,0,9,444,0,동작구,상도동,126.9420285,37.4995248,가을,밤,2021-10-01 19:20:00
0,0,9,453,555,양천구,신월동,126.8399341,37.5235227,가을,밤,2021-10-01 20:01:00
0,0,16,500,0,용산구,이태원동,126.9933883,37.5345857,가을,밤,2021-10-01 21:55:00
0,0,420,500,2300,용산구,원효로2가,126.9616276,37.5349947,가을,밤,2021-10-01 22:14:00
0,0,199,440,821,성북구,하월곡동,127.0394214,37.604399,가을,밤,2021-10-01 22:31:00
0,0,2508,456,2337,중랑구,중화동,127.0765101,37.5942835,가을,밤,2021-10-01 22:59:00
0,0,60073,443,24821,영등포구,영등포동3가,126.9067419,37.5188754,가을,낮,2021-10-02 18:22:00
0,0,49,628,1806,서대문구,홍제동,126.9532256,37.5803391,가을,밤,2021-10-02 19:57:00
0,1,220,530,1346,광진구,중곡동,127.0951669,37.5596848,가을,낮,2021-10-03 13:30:00
0,0,92,455,50,양천구,신월동,126.8378898,37.5232791,가을,낮,2021-10-03 18:35:00
0,0,2,420,1800,중랑구,상봉동,127.0898359,37.600421,가을,밤,2021-10-05 2:12:00
0,0,103,500,603,관악구,신림동,126.9190286,37.4881097,가을,밤,2021-10-05 21:43:00
0,1,5846,431,10141,동대문구,이문동,127.062563,37.6033066,가을,낮,2021-10-07 7:35:00
0,0,110,500,0,동작구,신대방동,126.9131636,37.4897114,가을,낮,2021-10-07 10:33:00
0,0,12,444,700,성동구,금호동2가,127.0237867,37.5513948,가을,밤,2021-10-07 19:47:00
0,0,473,459,934,강서구,마곡동,126.8186355,37.5657969,가을,밤,2021-10-09 4:02:00
0,1,19232,459,2248,송파구,오금동,127.1344179,37.5020728,가을,밤,2021-10-09 5:04:00
0,0,11,459,40,종로구,숭인동,127.0179193,37.5749895,가을,밤,2021-10-09 20:25:00
0,0,62,643,30,관악구,봉천동,126.9332966,37.4927096,가을,밤,2021-10-10 3:51:00
0,1,6246,539,3541,동작구,흑석동,126.9684965,37.5058963,가을,낮,2021-10-10 14:26:00
0,0,17,444,300,관악구,봉천동,126.9640289,37.4730262,가을,밤,2021-10-10 21:11:00
0,0,2956,639,3053,용산구,후암동,126.9780905,37.5535004,가을,밤,2021-10-11 3:03:00
0,0,5790,501,2800,도봉구,도봉동,127.0443581,37.6847429,가을,낮,2021-10-12 13:01:00
0,0,13761,428,12020,강서구,화곡동,126.8438685,37.5327446,가을,밤,2021-10-13 3:34:00
0,0,346,744,1315,동작구,동작동,126.9771339,37.5013181,가을,낮,2021-10-13 13:59:00
0,0,8,424,835,동작구,상도동,126.9419599,37.5045151,가을,낮,2021-10-13 17:01:00
0,0,279707,450,2801,구로구,개봉동,126.8447861,37.5026718,가을,밤,2021-10-14 5:42:00
0,0,330,705,352,강동구,둔촌동,127.1491921,37.5317698,가을,낮,2021-10-14 9:26:00
0,0,91,430,0,용산구,용산동2가,126.9864609,37.542506,가을,낮,2021-10-15 17:29:00
0,0,440,449,0,은평구,대조동,126.9299943,37.6094039,가을,밤,2021-10-15 21:23:00
0,0,462,500,1100,강서구,등촌동,126.8552408,37.558946,가을,낮,2021-10-16 12:26:00
0,0,102,700,400,강서구,화곡동,126.8370852,37.5383462,가을,밤,2021-10-16 21:54:00
0,0,22,421,25,광진구,중곡동,127.0851785,37.5571105,가을,밤,2021-10-16 22:37:00
0,0,200,447,420,서초구,방배동,126.9845385,37.4932961,가을,밤,2021-10-17 0:33:00
0,0,30,432,100,양천구,신정동,126.866714,37.5095034,가을,밤,2021-10-17 1:49:00
0,0,124,455,200,송파구,가락동,127.1101082,37.4928982,가을,밤,2021-10-17 4:04:00
0,0,90,939,1400,강남구,개포동,127.0606692,37.4873387,가을,낮,2021-10-17 9:36:00
0,0,89,1349,27,강남구,신사동,127.0202036,37.5202535,가을,낮,2021-10-17 18:25:00
0,0,30,444,1501,서대문구,연희동,126.9347956,37.5667407,가을,밤,2021-10-18 2:15:00
0,0,1205,441,3548,중랑구,신내동,127.1004361,37.6070126,가을,밤,2021-10-18 4:17:00
0,0,372,430,909,강남구,신사동,127.0245445,37.5203376,가을,낮,2021-10-18 6:01:00
0,0,42,429,756,마포구,동교동,126.9229331,37.5591153,가을,낮,2021-10-18 18:14:00
0,0,440,459,1400,성동구,성수동1가,127.048778,37.54888,가을,낮,2021-10-19 8:59:00
0,0,722,430,0,마포구,서교동,126.9116449,37.5547404,가을,밤,2021-10-19 22:56:00
0,0,50,444,200,금천구,가산동,126.8929832,37.4732609,가을,밤,2021-10-20 1:04:00
0,0,4476,442,4426,강남구,논현동,127.0235888,37.5087081,가을,밤,2021-10-20 5:21:00
0,0,18,1046,1031,관악구,봉천동,126.9640765,37.4759302,가을,낮,2021-10-20 10:32:00
0,0,6728,449,3217,관악구,봉천동,126.952388,37.4886908,가을,낮,2021-10-20 13:18:00
0,0,5157,623,0,용산구,한남동,127.0008691,37.5357219,가을,낮,2021-10-20 14:10:00
0,0,25981,503,1900,강남구,역삼동,127.0291682,37.502426,가을,밤,2021-10-20 19:44:00
0,0,140,445,100,송파구,잠실동,127.0779591,37.5052141,가을,낮,2021-10-21 16:03:00
0,0,389,926,2,서초구,방배동,126.9905431,37.4916714,가을,밤,2021-10-21 19:27:00
0,0,11,420,0,성북구,석관동,127.0697742,37.610908,가을,밤,2021-10-21 20:10:00
0,0,20,500,800,강서구,화곡동,126.8526846,37.5311417,가을,밤,2021-10-21 20:33:00
0,0,101,423,1751,구로구,구로동,126.8751756,37.5047174,가을,밤,2021-10-22 3:54:00
0,0,82,500,800,강서구,화곡동,126.8424477,37.5301481,가을,낮,2021-10-22 6:51:00
0,0,23,450,300,노원구,중계동,127.0683697,37.6463344,가을,낮,2021-10-22 12:37:00
0,0,1109,455,206,강남구,삼성동,127.0438786,37.5118347,가을,낮,2021-10-22 12:57:00
0,0,2035,424,247,금천구,시흥동,126.9026722,37.4398309,가을,낮,2021-10-22 13:30:00
0,0,794,520,1100,마포구,망원동,126.9013632,37.5616828,가을,낮,2021-10-22 18:00:00
0,0,40,436,13,송파구,문정동,127.1237902,37.4884317,가을,밤,2021-10-22 22:29:00
0,0,94,704,2400,서대문구,대신동,126.9444513,37.5643982,가을,낮,2021-10-23 15:37:00
0,0,93,435,201,강남구,삼성동,127.0512051,37.5164563,가을,낮,2021-10-23 18:12:00
0,0,809,428,3315,서초구,잠원동,127.0190191,37.5166037,가을,밤,2021-10-23 20:51:00
0,0,104,430,400,은평구,불광동,126.9253107,37.6249041,가을,낮,2021-10-24 8:22:00
0,0,33,437,53,관악구,봉천동,126.9566324,37.4782508,가을,낮,2021-10-24 15:35:00
0,0,28,424,2,구로구,오류동,126.8377557,37.4914615,가을,낮,2021-10-24 18:38:00
0,0,1,421,747,중랑구,상봉동,127.0929561,37.6029221,가을,낮,2021-10-25 8:58:00
0,0,2765,424,5725,서초구,잠원동,127.0178124,37.5190017,가을,낮,2021-10-25 10:41:00
0,0,42,430,608,중랑구,망우동,127.0937335,37.5930825,가을,낮,2021-10-25 12:24:00
0,0,491,459,646,중랑구,묵동,127.0764701,37.6141732,가을,낮,2021-10-26 9:00:00
0,0,12,457,100,광진구,자양동,127.0806589,37.532508,가을,낮,2021-10-26 17:38:00
0,0,469,433,759,종로구,창신동,127.0092045,37.5755845,가을,낮,2021-10-27 10:24:00
0,0,11,456,53,종로구,연지동,126.9992294,37.5743848,가을,낮,2021-10-27 14:20:00
0,0,53,443,400,서초구,서초동,127.0248184,37.5005041,가을,낮,2021-10-28 10:33:00
0,0,4506,630,2632,서대문구,남가좌동,126.916355,37.577387,가을,낮,2021-10-28 11:33:00
0,0,2169,434,1423,구로구,개봉동,126.8574493,37.4899834,가을,낮,2021-10-28 12:02:00
0,0,210,500,100,용산구,이촌동,126.9696085,37.5221427,가을,낮,2021-10-28 17:15:00
0,0,27,422,2,구로구,구로동,126.8863429,37.4874968,가을,밤,2021-10-28 22:30:00
0,0,16,421,59,성북구,동선동5가,127.0161975,37.595205,가을,낮,2021-10-29 16:10:00
0,0,300,433,2800,서초구,반포동,127.0207852,37.509013,가을,낮,2021-10-30 7:51:00
0,0,298,444,500,성북구,상월곡동,127.0493846,37.6054553,가을,낮,2021-10-30 12:57:00
0,1,0,431,2904,마포구,성산동,126.9017428,37.5641485,가을,낮,2021-10-31 7:28:00
0,0,23,456,0,강북구,수유동,127.0069861,37.6425654,가을,낮,2021-10-31 14:08:00
0,0,2695,447,1608,서초구,잠원동,127.0049909,37.510998,가을,밤,2021-11-01 0:01:00
0,0,145,500,300,도봉구,창동,127.0402157,37.644743,가을,낮,2021-11-01 10:39:00
0,0,13009,449,10629,성북구,정릉동,127.0035424,37.6136206,가을,낮,2021-11-01 12:35:00
0,0,1303,444,1631,강남구,논현동,127.0237378,37.5108699,가을,낮,2021-11-01 13:37:00
0,0,0,448,304,서대문구,북가좌동,126.9057248,37.5784474,가을,낮,2021-11-01 15:01:00
0,0,423,443,1805,동작구,신대방동,126.9117991,37.4877953,가을,낮,2021-11-01 16:45:00
0,0,171,500,600,관악구,신림동,126.9345289,37.4717562,가을,낮,2021-11-01 18:29:00
0,0,307,442,300,성북구,성북동,126.9952948,37.5994198,가을,낮,2021-11-02 14:43:00
0,0,60,450,920,송파구,장지동,127.1391904,37.4792151,가을,밤,2021-11-02 21:36:00
0,0,1180,455,504,송파구,석촌동,127.1015174,37.4993346,가을,밤,2021-11-02 22:54:00
0,0,199,420,0,관악구,남현동,126.976774,37.4739515,가을,낮,2021-11-03 7:50:00
0,0,308,456,219,동작구,상도동,126.9438403,37.5014131,가을,낮,2021-11-03 9:19:00
0,0,490,430,700,송파구,방이동,127.1093179,37.512711,가을,밤,2021-11-03 22:06:00
0,0,474,450,4100,강서구,마곡동,126.8257851,37.5686383,가을,밤,2021-11-04 2:22:00
0,0,7,500,1300,용산구,서계동,126.9656227,37.5514846,가을,낮,2021-11-04 13:50:00
0,0,11,455,8,관악구,봉천동,126.9508343,37.4875513,가을,낮,2021-11-04 18:57:00
0,0,15,453,611,중랑구,면목동,127.0880963,37.5818288,가을,밤,2021-11-04 20:58:00
0,0,106,457,500,강남구,대치동,127.0673252,37.4982831,가을,낮,2021-11-05 16:33:00
0,0,12,455,700,광진구,자양동,127.0839288,37.5303018,가을,낮,2021-11-05 18:18:00
0,0,9223,425,1129,영등포구,신길동,126.9107397,37.5072248,가을,밤,2021-11-06 2:50:00
0,0,352,423,452,서초구,방배동,126.9929194,37.4823241,가을,낮,2021-11-06 10:20:00
0,0,907,500,1200,은평구,불광동,126.9349689,37.6195345,가을,낮,2021-11-06 11:43:00
0,0,112,431,800,마포구,성산동,126.911503,37.5600993,가을,낮,2021-11-06 13:48:00
0,0,53,455,0,관악구,신림동,126.9269393,37.4842774,가을,낮,2021-11-06 18:14:00
0,0,16,500,530,마포구,망원동,126.9047354,37.5592316,가을,밤,2021-11-06 19:56:00
0,0,4936,441,3301,광진구,자양동,127.0648762,37.5328388,가을,밤,2021-11-07 0:31:00
0,0,32575,428,2646,서초구,서초동,127.0191391,37.4895547,가을,밤,2021-11-08 3:51:00
0,0,165,500,0,은평구,신사동,126.9075247,37.600946,가을,낮,2021-11-08 11:43:00
0,0,1232,455,441,성동구,마장동,127.0391751,37.5711141,가을,낮,2021-11-08 12:04:00
0,1,1520,523,0,성동구,마장동,127.0407819,37.5686733,가을,낮,2021-11-08 15:58:00
0,0,25021,450,0,서대문구,충정로3가,126.9626211,37.5605683,가을,낮,2021-11-08 17:10:00
0,0,277,453,13,송파구,문정동,127.12606,37.4906525,가을,낮,2021-11-08 17:38:00
0,0,1158,451,0,성동구,마장동,127.0388533,37.5647938,가을,낮,2021-11-08 18:00:00
0,0,268,448,5500,용산구,용산동2가,126.9847757,37.5442244,가을,밤,2021-11-08 19:41:00
0,0,117,430,1700,송파구,가락동,127.1316794,37.4947298,가을,밤,2021-11-09 0:33:00
0,1,108507,539,10527,관악구,신림동,126.9271883,37.460669,가을,밤,2021-11-09 5:50:00
0,0,1838,729,500,강서구,방화동,126.8128578,37.5661904,가을,낮,2021-11-09 10:29:00
0,0,53,427,842,노원구,상계동,127.0601799,37.6656932,가을,낮,2021-11-09 10:51:00
0,0,1600,456,4327,동작구,상도동,126.9379704,37.5049676,가을,밤,2021-11-10 19:37:00
0,0,374,430,0,송파구,방이동,127.1312659,37.512527,가을,밤,2021-11-11 3:30:00
0,0,462,449,1717,동대문구,제기동,127.0375142,37.5832865,가을,낮,2021-11-11 6:13:00
0,0,50,548,0,관악구,봉천동,126.9679526,37.4748789,가을,낮,2021-11-11 11:23:00
0,0,53,440,0,용산구,이촌동,126.9670253,37.5218664,가을,밤,2021-11-11 21:12:00
0,0,2886,451,5636,서대문구,대현동,126.9462878,37.558164,가을,밤,2021-11-12 5:23:00
0,0,9718,500,3900,강서구,화곡동,126.8393661,37.5431082,가을,낮,2021-11-12 6:42:00
0,0,1018,557,823,광진구,자양동,127.0901264,37.529924,가을,낮,2021-11-12 16:08:00
0,0,40,500,2700,은평구,응암동,126.916128,37.5945958,가을,낮,2021-11-12 16:11:00
0,1,475,453,2100,성북구,돈암동,127.0232941,37.5981567,가을,낮,2021-11-15 10:58:00
0,0,222,436,1134,중구,신당동,127.0205246,37.5636457,가을,낮,2021-11-15 18:17:00
0,0,55,450,750,송파구,삼전동,127.0904464,37.5006678,가을,밤,2021-11-15 19:47:00
0,0,484,443,2345,영등포구,문래동5가,126.8838722,37.5167951,가을,밤,2021-11-16 0:15:00
1,0,9168,500,2033,관악구,신림동,126.9391412,37.4650659,가을,밤,2021-11-16 2:33:00
0,0,7,457,854,강서구,화곡동,126.8503271,37.529607,가을,낮,2021-11-16 16:21:00
0,0,1000,500,3800,관악구,신림동,126.9285339,37.4837245,가을,낮,2021-11-17 10:36:00
0,0,855,2304,200,강동구,암사동,127.1353249,37.5517094,가을,낮,2021-11-17 15:03:00
0,0,1672,645,2037,관악구,신림동,126.9259066,37.4628168,가을,낮,2021-11-17 16:56:00
0,0,36507,441,608,중구,황학동,127.0208111,37.5667956,가을,낮,2021-11-17 17:01:00
0,0,18,442,952,종로구,창신동,127.015226,37.573819,가을,밤,2021-11-18 5:02:00
0,0,207,435,1803,동작구,상도1동,126.9479491,37.5023871,가을,낮,2021-11-18 6:02:00
0,0,391,450,240,송파구,방이동,127.1216096,37.5126085,가을,낮,2021-11-18 8:17:00
0,0,129,529,2307,강남구,삼성동,127.0572152,37.5086039,가을,낮,2021-11-18 10:18:00
0,0,4884,427,2108,중구,을지로3가,126.9932443,37.5670522,가을,낮,2021-11-18 11:35:00
0,1,40,455,311,영등포구,양평동1가,126.8871674,37.5229698,가을,낮,2021-11-18 18:55:00
0,0,30,421,1025,서대문구,홍은동,126.9421403,37.5945554,가을,밤,2021-11-18 22:53:00
0,0,1636,652,900,강남구,역삼동,127.0328284,37.5009009,가을,낮,2021-11-19 16:25:00
0,0,10265,650,3600,강남구,청담동,127.0500529,37.5270494,가을,낮,2021-11-19 16:47:00
0,0,1840,436,1955,광진구,군자동,127.0722134,37.5561345,가을,밤,2021-11-19 21:41:00
0,0,0,445,1506,서대문구,연희동,126.9207817,37.5670282,가을,밤,2021-11-20 1:57:00
0,0,396,431,2524,서대문구,남가좌동,126.9244535,37.5786325,가을,낮,2021-11-20 10:45:00
0,0,451,520,0,서초구,서초동,127.0244411,37.5012258,가을,밤,2021-11-21 1:49:00
0,0,1225,433,1347,도봉구,도봉동,127.0444432,37.6911001,가을,낮,2021-11-21 9:28:00
1,0,4821,459,2307,관악구,신림동,126.9153619,37.461393,가을,낮,2021-11-21 10:39:00
0,0,11,837,1046,종로구,평창동,126.9762171,37.6175383,가을,낮,2021-11-21 16:56:00
0,0,111,440,300,중랑구,묵동,127.0789233,37.6152614,가을,밤,2021-11-22 2:40:00
0,0,3208,426,2604,강남구,대치동,127.064564,37.4997974,가을,낮,2021-11-22 9:33:00
0,0,47,641,1300,강남구,논현동,127.0277025,37.5082543,가을,낮,2021-11-22 16:48:00
0,0,51,455,4851,구로구,구로동,126.8939091,37.4874908,가을,밤,2021-11-23 5:47:00
0,0,165,500,0,은평구,신사동,126.9073911,37.5892066,가을,낮,2021-11-23 12:16:00
0,0,3644,547,5200,광진구,자양동,127.0813379,37.5309532,가을,밤,2021-11-24 5:55:00
0,0,2410,420,2021,성북구,동선동2가,127.022124,37.5906172,가을,낮,2021-11-24 6:24:00
0,0,122,455,1015,송파구,방이동,127.1142739,37.5165435,가을,낮,2021-11-24 8:35:00
0,0,266,500,1900,강동구,둔촌동,127.1436249,37.5302875,가을,낮,2021-11-24 10:19:00
0,0,4,425,400,송파구,송파동,127.110078,37.5055349,가을,밤,2021-11-24 20:43:00
0,0,2780,559,634,중랑구,면목동,127.0896337,37.5787103,가을,밤,2021-11-24 20:48:00
0,0,170,433,746,강남구,논현동,127.0284743,37.5147757,가을,밤,2021-11-25 5:24:00
0,0,83,458,2701,서대문구,창천동,126.9352273,37.5584578,가을,밤,2021-11-25 5:24:00
0,0,50,437,1056,강남구,역삼동,127.0279982,37.5004099,가을,낮,2021-11-25 7:16:00
0,1,4727,434,2437,중구,황학동,127.0222356,37.569197,가을,낮,2021-11-25 11:57:00
0,0,244,444,1207,강남구,논현동,127.0329835,37.514525,가을,낮,2021-11-25 13:04:00
0,0,47,456,519,광진구,중곡동,127.0940574,37.5566411,가을,밤,2021-11-25 21:10:00
0,0,11,459,10211,관악구,신림동,126.9396832,37.4754896,가을,밤,2021-11-25 23:51:00
0,0,11,500,0,성동구,성수동2가,127.0667996,37.5477126,가을,낮,2021-11-26 7:56:00
0,0,127,451,400,광진구,구의동,127.0933088,37.5385174,가을,낮,2021-11-26 18:39:00
0,0,11,430,0,마포구,아현동,126.9618432,37.5563158,가을,낮,2021-11-27 7:26:00
0,0,15,459,900,마포구,성산동,126.8984864,37.5651015,가을,낮,2021-11-27 11:48:00
0,0,132,458,1905,강남구,세곡동,127.0921874,37.4672431,가을,낮,2021-11-27 18:26:00
0,0,78,420,300,마포구,서교동,126.9226582,37.5505329,가을,밤,2021-11-28 2:45:00
0,0,1606,453,1947,동작구,신대방동,126.9064808,37.4881424,가을,밤,2021-11-28 5:14:00
0,0,10710,444,2233,금천구,독산동,126.9079456,37.4793423,가을,낮,2021-11-28 12:35:00
0,0,509,459,2230,금천구,시흥동,126.899218,37.447225,가을,밤,2021-11-28 20:22:00
0,0,15734,441,4236,송파구,송파동,127.1110827,37.5080606,가을,밤,2021-11-29 3:53:00
0,0,109,430,900,송파구,거여동,127.152077,37.4878202,가을,낮,2021-11-29 9:28:00
0,0,24,453,616,강남구,역삼동,127.038229,37.4957588,가을,낮,2021-11-29 12:54:00
0,0,38,424,920,강남구,역삼동,127.0295743,37.5052791,가을,낮,2021-11-29 14:57:00
0,0,22,420,21,서대문구,충정로2가,126.9646557,37.5657406,가을,밤,2021-11-30 1:23:00
0,0,7,434,500,양천구,신정동,126.8521461,37.5223159,가을,밤,2021-11-30 2:55:00
0,0,5823,441,10632,강서구,화곡동,126.8505516,37.528732,겨울,낮,2021-12-01 17:54:00
0,0,60,450,127,동작구,노량진동,126.9410831,37.5063798,겨울,밤,2021-12-01 23:59:00
0,0,88,440,200,성동구,사근동,127.0459669,37.554697,겨울,밤,2021-12-02 1:42:00
0,0,872,450,4000,성동구,성수동2가,127.0607856,37.5422805,겨울,낮,2021-12-02 9:47:00
0,0,0,445,10,금천구,가산동,126.8956034,37.4776604,겨울,밤,2021-12-02 19:07:00
0,0,2368,500,2400,강서구,개화동,126.8147065,37.5861188,겨울,밤,2021-12-03 3:45:00
0,0,57,430,0,동작구,상도동,126.9368235,37.5044765,겨울,밤,2021-12-03 20:53:00
0,0,5488,426,3931,동대문구,제기동,127.039516,37.5833652,겨울,낮,2021-12-04 10:54:00
0,0,129,432,19,서대문구,창천동,126.9273951,37.5588739,겨울,낮,2021-12-04 15:30:00
0,0,466,1015,108,서대문구,영천동,126.9600414,37.5702552,겨울,낮,2021-12-04 17:57:00
0,0,196,502,854,동작구,대방동,126.9302437,37.5110678,겨울,밤,2021-12-05 23:39:00
0,0,427,602,628,강동구,둔촌동,127.1421341,37.5317455,겨울,낮,2021-12-06 17:24:00
0,0,425,500,800,관악구,봉천동,126.9574813,37.4901869,겨울,낮,2021-12-07 15:00:00
0,0,11,442,300,구로구,구로동,126.8896188,37.4895655,겨울,낮,2021-12-07 16:33:00
0,0,20380,959,2244,중랑구,면목동,127.0912923,37.5824615,겨울,밤,2021-12-07 19:02:00
0,0,0,615,1009,서대문구,홍제동,126.9496213,37.5910481,겨울,낮,2021-12-08 10:33:00
0,0,108,443,528,서초구,서초동,127.0286522,37.4938048,겨울,밤,2021-12-08 20:06:00
0,0,391,457,51,구로구,구로동,126.9004321,37.4840951,겨울,낮,2021-12-09 16:42:00
0,0,924,430,1235,광진구,화양동,127.0750369,37.5447207,겨울,낮,2021-12-10 10:59:00
0,0,2,500,1200,중랑구,상봉동,127.0870478,37.5954953,겨울,밤,2021-12-10 20:21:00
0,0,11,555,1305,관악구,신림동,126.928701,37.4766768,겨울,낮,2021-12-11 7:54:00
0,1,92,440,520,강북구,미아동,127.0171992,37.625385,겨울,낮,2021-12-11 13:05:00
0,0,60,434,138,광진구,자양동,127.0774566,37.5332096,겨울,낮,2021-12-11 13:50:00
0,0,11,621,549,관악구,신림동,126.9339938,37.467353,겨울,낮,2021-12-12 15:17:00
0,0,53,455,623,강남구,논현동,127.0258232,37.5073846,겨울,밤,2021-12-12 19:14:00
0,0,11017,440,2120,송파구,삼전동,127.0885478,37.5023839,겨울,밤,2021-12-12 22:31:00
0,0,28,459,319,관악구,봉천동,126.9334678,37.4899143,겨울,밤,2021-12-13 0:14:00
0,0,8596,424,3245,노원구,중계동,127.0800256,37.656664,겨울,밤,2021-12-13 2:58:00
0,0,13,528,147,관악구,신림동,126.9261278,37.4833992,겨울,밤,2021-12-13 4:05:00
0,0,249,458,417,노원구,월계동,127.0576813,37.6306611,겨울,낮,2021-12-13 17:35:00
0,0,46,429,144,양천구,신월동,126.8317884,37.5371531,겨울,밤,2021-12-13 19:15:00
0,0,99,431,1210,동대문구,제기동,127.036511,37.5792248,겨울,밤,2021-12-14 5:11:00
0,0,37946,646,1717,강남구,논현동,127.0279933,37.5115128,겨울,낮,2021-12-15 8:18:00
0,0,1,422,1316,종로구,명륜1가,126.997226,37.588233,겨울,낮,2021-12-15 8:39:00
0,0,416,430,0,강남구,논현동,127.0372078,37.5165832,겨울,낮,2021-12-15 8:52:00
0,0,11,533,2,종로구,평창동,126.9708137,37.6071732,겨울,낮,2021-12-15 11:22:00
0,0,367,450,0,송파구,방이동,127.1103266,37.5145063,겨울,낮,2021-12-16 11:23:00
0,0,1725,459,1208,강서구,등촌동,126.8626245,37.5472965,겨울,낮,2021-12-17 10:26:00
0,0,425,520,3536,영등포구,신길동,126.9192976,37.5024767,겨울,낮,2021-12-17 12:08:00
0,0,291,459,927,강남구,논현동,127.0249002,37.505896,겨울,낮,2021-12-17 15:44:00
0,0,31634,635,10512,중구,정동,126.976527,37.566719,겨울,낮,2021-12-17 18:04:00
0,0,65,433,1700,서대문구,대현동,126.9425294,37.5579659,겨울,밤,2021-12-18 0:49:00
0,0,267,442,0,구로구,가리봉동,126.8914186,37.4795654,겨울,밤,2021-12-18 4:44:00
0,0,50,603,1257,용산구,원효로3가,126.9557501,37.5334914,겨울,낮,2021-12-18 12:23:00
0,0,33,450,850,송파구,잠실동,127.0818552,37.5070987,겨울,밤,2021-12-18 21:17:00
0,0,124,454,3750,영등포구,도림동,126.8996345,37.5068919,겨울,밤,2021-12-19 0:13:00
0,0,365,421,519,성동구,마장동,127.038745,37.5699597,겨울,밤,2021-12-19 0:47:00
0,0,11,525,1117,서초구,우면동,127.0255271,37.4696691,겨울,밤,2021-12-19 1:31:00
0,0,313,640,57,동대문구,용두동,127.0412205,37.5764999,겨울,밤,2021-12-19 2:45:00
0,0,229,445,100,관악구,신림동,126.9366432,37.4729004,겨울,낮,2021-12-19 10:29:00
0,0,3,420,0,은평구,신사동,126.9063087,37.5908177,겨울,낮,2021-12-19 12:03:00
0,0,50,427,0,구로구,구로동,126.8908292,37.4924199,겨울,낮,2021-12-19 12:28:00
0,0,1648,700,22,용산구,이촌동,126.9788201,37.5186246,겨울,밤,2021-12-19 20:55:00
0,0,723,440,400,송파구,문정동,127.1118263,37.4884408,겨울,낮,2021-12-20 16:40:00
0,0,11,500,0,마포구,연남동,126.9189308,37.5588886,겨울,밤,2021-12-21 1:46:00
0,0,22,450,700,중랑구,면목동,127.08894,37.592424,겨울,낮,2021-12-21 8:49:00
0,0,79,450,500,송파구,장지동,127.1416298,37.4750146,겨울,낮,2021-12-21 9:06:00
0,0,1530,558,1948,종로구,장사동,126.9925326,37.5690523,겨울,낮,2021-12-21 10:13:00
0,0,22,421,1839,강서구,마곡동,126.8238772,37.5640246,겨울,낮,2021-12-21 14:51:00
0,0,2942,430,2230,송파구,가락동,127.1307348,37.4947842,겨울,낮,2021-12-21 15:05:00
0,0,3296,421,5848,서대문구,대현동,126.945335,37.5634861,겨울,낮,2021-12-22 17:09:00
0,0,1841,503,1237,송파구,장지동,127.1417937,37.4755314,겨울,낮,2021-12-24 6:39:00
0,0,11,823,1006,종로구,공평동,126.9841645,37.5708727,겨울,낮,2021-12-24 18:14:00
0,0,10383,428,3438,광진구,자양동,127.0814096,37.5337342,겨울,밤,2021-12-24 19:56:00
0,0,22124,523,2513,강동구,고덕동,127.1525045,37.5617297,겨울,밤,2021-12-25 3:04:00
0,0,385,630,100,관악구,신림동,126.9362267,37.4682228,겨울,낮,2021-12-25 10:35:00
0,0,429,453,3334,종로구,통인동,126.9705653,37.5793235,겨울,낮,2021-12-25 12:08:00
2,0,51539,449,10221,마포구,서교동,126.9208025,37.5531889,겨울,낮,2021-12-25 13:14:00
0,0,241,455,739,영등포구,신길동,126.9080617,37.5069756,겨울,밤,2021-12-25 21:29:00
0,0,2,439,37,종로구,창신동,127.0138697,37.5741095,겨울,낮,2021-12-26 14:06:00
0,0,5,451,31,종로구,평창동,126.9746438,37.611857,겨울,낮,2021-12-26 16:35:00
0,0,34,430,1752,강동구,명일동,127.1449535,37.5495321,겨울,밤,2021-12-26 20:13:00
0,0,475,535,1215,송파구,방이동,127.1191211,37.5132427,겨울,낮,2021-12-27 9:22:00
0,0,70,455,11,구로구,오류동,126.8395454,37.4892355,겨울,낮,2021-12-27 12:40:00
0,0,2962,528,1132,관악구,신림동,126.9123396,37.4826991,겨울,낮,2021-12-27 14:05:00
0,0,66,443,647,강서구,화곡동,126.8385601,37.5444884,겨울,낮,2021-12-27 17:10:00
0,0,183,430,56,동대문구,회기동,127.0504252,37.5903661,겨울,밤,2021-12-27 23:52:00
0,0,50,459,4600,강서구,마곡동,126.8393559,37.5686752,겨울,밤,2021-12-28 0:15:00
0,0,41451,719,1127,영등포구,영등포동7가,126.9087241,37.5254914,겨울,낮,2021-12-28 7:54:00
0,0,2502,439,1801,중랑구,면목동,127.0897907,37.5787038,겨울,낮,2021-12-28 14:05:00
0,0,95,426,1834,강남구,개포동,127.0526385,37.4747469,겨울,낮,2021-12-28 14:09:00
0,0,180,502,2100,노원구,상계동,127.0812428,37.6717518,겨울,낮,2021-12-28 17:22:00
0,0,388,423,421,종로구,무악동,126.9591051,37.5765815,겨울,밤,2021-12-28 20:48:00
0,0,33,450,400,성동구,성수동2가,127.0611341,37.542611,겨울,낮,2021-12-29 9:12:00
0,0,55,455,5,구로구,구로동,126.9010547,37.4838074,겨울,낮,2021-12-29 10:54:00
0,0,307,440,1200,송파구,장지동,127.1287909,37.476932,겨울,낮,2021-12-29 14:22:00
0,1,5529,657,4307,관악구,봉천동,126.9589524,37.4858592,겨울,낮,2021-12-29 16:41:00
0,0,48,642,700,서초구,서초동,127.0125362,37.4832408,겨울,낮,2021-12-29 18:45:00
0,0,220,429,1941,노원구,상계동,127.0630014,37.6520567,겨울,밤,2021-12-30 0:58:00
1,0,590,433,11400,동작구,흑석동,126.9549936,37.5042247,겨울,밤,2021-12-30 4:16:00
0,0,948,443,747,강남구,역삼동,127.0332056,37.4993193,겨울,낮,2021-12-30 7:47:00
0,0,929,514,5412,강동구,둔촌동,127.1423861,37.5282976,겨울,낮,2021-12-30 9:26:00
0,0,817,602,537,강남구,도곡동,127.0525895,37.4884227,겨울,낮,2021-12-30 15:45:00
0,0,238,643,22,서대문구,북가좌동,126.9053294,37.5759795,겨울,밤,2021-12-30 19:54:00
0,0,980,428,1344,성북구,정릉동,127.0049102,37.6186457,겨울,밤,2021-12-30 22:49:00
0,0,363,426,218,광진구,자양동,127.0749742,37.531522,겨울,밤,2021-12-30 23:21:00
0,0,507,450,1550,송파구,장지동,127.129913,37.468505,겨울,낮,2021-12-31 9:02:00
0,0,175,429,700,동작구,상도동,126.9316549,37.4933766,겨울,낮,2021-12-31 15:53:00
0,0,80,454,901,서대문구,충정로2가,126.9646035,37.56369,겨울,밤,2021-12-31 19:17:00
0,0,180,423,1434,강서구,화곡동,126.8526222,37.5528753,겨울,밤,2021-12-31 22:41:00